Datetime,COMED_MW,Operational_Costs
2011-01-01,241162.0,24116200.0
2011-01-02,270137.0,27013700.0
011-01-03,290823.0,29082300.0
2011-01-04,299994.0,29999400.0
2011-01-05,308524.0,30852400.0
2011-01-06,301734.0,30173400.0
2011-01-07,307917.0,30791700.0
2011-01-08,289635.0,28963500.0
2011-01-09,271891.0,27189100.0
2011-01-10,297560.0,29756000.0
2011-01-11,302818.0,30281800.0
2011-01-12,303446.0,303424600.0
2011-01-13,303916.0,30391600.0
2011-01-14,302273.0,30227300.0
2011-01-15,279124.0,27912400.0
2011-01-16,271977.0,27197700.0
2011-01-17,298047.0,29804700.0
2011-01-18,298277.0,29827700.0
2011-01-19,303556.0,30355600.0
2011-01-20,311622.0,31162200.0
2011-01-21,324829.0,32482900.0
2011-01-22,299543.0,29954300.0
2011-01-23,283849.0,28384900.0
2011-01-24,308376.0,30837600.0
2011-01-25,301864.0,30186400.0
2011-01-26,301460.0,30146000.0
2011-01-27,306994.0,30699400.0
2011-01-28,295670.0,29567000.0
2011-01-29,268896.0,26889600.0
2011-01-30,257167.0,25716700.0
2011-01-31,300177.0,30017700.0
2011-02-01,307627.0,30762700.0
2011-02-02,271520.0,27152000.0
2011-02-03,306930.0,30693000.0
2011-02-04,311765.0,31176500.0
2011-02-05,281454.0,28145400.0
2011-02-06,262084.0,26208400.0
2011-02-07,290474.0,29047400.0
2011-02-08,308816.0,30881600.0
2011-02-09,323891.0,32389100.0
2011-02-10,326720.0,32672000.0
2011-02-11,314987.0,31498700.0
2011-02-12,270415.0,27041500.0
2011-02-13,246861.0,24686100.0
2011-02-14,275969.0,27596900.0
2011-02-15,286313.0,28631300.0
2011-02-16,273812.0,27381200.0
2011-02-17,268555.0,26855500.0
2011-02-18,265495.0,26549500.0
2011-02-19,253432.0,25343200.0
2011-02-20,254359.0,25435900.0
2011-02-21,286260.0,28626000.0
2011-02-22,294488.0,29448800.0
2011-02-23,293822.0,29382200.0
2011-02-24,287303.0,28730300.0
2011-02-25,283509.0,28350900.0
2011-02-26,265292.0,26529200.0
2011-02-27,249027.0,24902700.0
2011-02-28,282003.0,28200300.0
2011-03-01,282752.0,28275200.0
2011-03-02,281872.0,28187200.0
2011-03-03,285084.0,28508400.0
2011-03-04,272963.0,27296300.0
2011-03-05,262642.0,26264200.0
2011-03-06,249949.0,24994900.0
2011-03-07,282198.0,28219800.0
2011-03-08,277644.0,27764400.0
2011-03-09,277523.0,27752300.0
2011-03-10,283816.0,28381600.0
2011-03-11,273114.0,27311400.0
2011-03-12,252186.0,25218600.0
2011-03-13,230797.0,23079700.0
2011-03-14,270340.0,27034000.0
2011-03-15,277445.0,27744500.0
2011-03-16,265083.0,26508300.0
2011-03-17,258920.0,25892000.0
2011-03-18,249609.0,24960900.0
2011-03-19,232013.0,23201300.0
2011-03-20,226823.0,22682300.0
2011-03-21,250274.0,25027400.0
2011-03-22,269164.0,26916400.0
2011-03-23,272108.0,27210800.0
2011-03-24,275642.0,27564200.0
2011-03-25,273028.0,27302800.0
2011-03-26,254942.0,25494200.0
2011-03-27,239085.0,23908500.0
2011-03-28,270382.0,27038200.0
2011-03-29,269424.0,26942400.0
2011-03-30,264849.0,26484900.0
2011-03-31,262740.0,26274000.0
2011-04-01,264525.0,26452500.0
2011-04-02,233468.0,23346800.0
2011-04-03,221438.0,22143800.0
2011-04-04,250737.0,25073700.0
2011-04-05,257985.0,25798500.0
2011-04-06,255736.0,25573600.0
2011-04-07,258660.0,25866000.0
2011-04-08,261059.0,26105900.0
2011-04-09,228488.0,22848800.0
2011-04-10,223472.0,22347200.0
2011-04-11,247846.0,24784600.0
2011-04-12,246641.0,24664100.0
2011-04-13,249651.0,24965100.0
2011-04-14,249235.0,24923500.0
2011-04-15,258408.0,25840800.0
2011-04-16,235388.0,23538800.0
2011-04-17,220801.0,22080100.0
2011-04-18,258945.0,25894500.0
2011-04-19,275898.0,27589800.0
2011-04-20,269267.0,26926700.0
2011-04-21,257184.0,25718400.0
2011-04-22,247672.0,24767200.0
2011-04-23,216006.0,21600600.0
2011-04-24,199631.0,19963100.0
2011-04-25,244587.0,24458700.0
2011-04-26,254218.0,25421800.0
2011-04-27,251414.0,25141400.0
2011-04-28,255569.0,25556900.0
2011-04-29,248544.0,24854400.0
2011-04-30,222898.0,22289800.0
2011-05-01,206846.0,20684600.0
2011-05-02,240216.0,24021600.0
2011-05-03,251243.0,25124300.0
2011-05-04,250651.0,25065100.0
2011-05-05,249345.0,24934500.0
2011-05-06,244469.0,24446900.0
2011-05-07,218069.0,21806900.0
2011-05-08,204574.0,20457400.0
2011-05-09,242049.0,24204900.0
2011-05-10,276216.0,27621600.0
2011-05-11,317548.0,31754800.0
2011-05-12,308843.0,30884300.0
2011-05-13,276125.0,27612500.0
2011-05-14,222865.0,22286500.0
2011-05-15,215209.0,21520900.0
2011-05-16,245885.0,24588500.0
2011-05-17,248747.0,24874700.0
2011-05-18,248217.0,24821700.0
2011-05-19,252972.0,25297200.0
2011-05-20,256981.0,25698100.0
2011-05-21,231908.0,23190800.0
2011-05-22,238853.0,23885300.0
2011-05-23,278756.0,27875600.0
2011-05-24,260858.0,26085800.0
2011-05-25,255638.0,25563800.0
2011-05-26,253627.0,25362700.0
2011-05-27,245871.0,24587100.0
2011-05-28,217890.0,21789000.0
2011-05-29,211580.0,21158000.0
2011-05-30,256715.0,25671500.0
2011-05-31,330795.0,33079500.0
2011-06-01,299546.0,29954600.0
2011-06-02,268906.0,26890600.0
2011-06-03,302951.0,30295100.0
2011-06-04,328350.0,32835000.0
2011-06-05,268096.0,26809600.0
2011-06-06,336720.0,33672000.0
2011-06-07,413182.0,41318200.0
2011-06-08,418592.0,41859200.0
2011-06-09,293028.0,29302800.0
2011-06-10,254984.0,25498400.0
2011-06-11,229199.0,22919900.0
2011-06-12,211972.0,21197200.0
2011-06-13,254026.0,25402600.0
2011-06-14,264019.0,26401900.0
2011-06-15,267122.0,26712200.0
2011-06-16,282970.0,28297000.0
2011-06-17,305691.0,30569100.0
2011-06-18,283597.0,28359700.0
2011-06-19,274541.0,27454100.0
2011-06-20,312301.0,31230100.0
2011-06-21,363007.0,36300700.0
2011-06-22,291668.0,29166800.0
2011-06-23,273559.0,27355900.0
2011-06-24,259357.0,25935700.0
2011-06-25,251601.0,25160100.0
2011-06-26,250422.0,25042200.0
2011-06-27,307401.0,30740100.0
2011-06-28,311312.0,31131200.0
2011-06-29,311770.0,31177000.0
2011-06-30,338230.0,33823000.0
2011-07-01,331999.0,33199900.0
2011-07-02,354956.0,35495600.0
2011-07-03,300080.0,30008000.0
2011-07-04,294926.0,29492600.0
2011-07-05,359715.0,35971500.0
2011-07-06,375146.0,37514600.0
2011-07-07,319319.0,31931900.0
2011-07-08,326953.0,32695300.0
2011-07-09,327079.0,32707900.0
2011-07-10,353909.0,35390900.0
2011-07-11,363324.0,36332400.0
2011-07-12,364775.0,36477500.0
2011-07-13,309628.0,30962800.0
2011-07-14,306803.0,30680300.0
2011-07-15,340425.0,34042500.0
2011-07-16,328334.0,32833400.0
2011-07-17,360816.0,36081600.0
2011-07-18,433456.0,43345600.0
2011-07-19,450290.0,45029000.0
2011-07-20,458653.0,45865300.0
2011-07-21,478087.0,47808700.0
2011-07-22,402894.0,40289400.0
2011-07-23,345441.0,34544100.0
2011-07-24,325210.0,32521000.0
2011-07-25,376174.0,37617400.0
2011-07-26,371233.0,37123300.0
2011-07-27,355818.0,35581800.0
2011-07-28,370549.0,37054900.0
2011-07-29,375588.0,37558800.0
2011-07-30,349058.0,34905800.0
2011-07-31,358590.0,35859000.0
2011-08-01,414991.0,41499100.0
2011-08-02,434003.0,43400300.0
2011-08-03,394116.0,39411600.0
2011-08-04,362197.0,36219700.0
2011-08-05,359937.0,35993700.0
2011-08-06,343040.0,34304000.0
2011-08-07,322974.0,32297400.0
2011-08-08,340052.0,34005200.0
2011-08-09,329508.0,32950800.0
2011-08-10,303298.0,30329800.0
2011-08-11,303285.0,30328500.0
2011-08-12,309987.0,30998700.0
2011-08-13,292247.0,29224700.0
2011-08-14,250007.0,25000700.0
2011-08-15,295263.0,29526300.0
2011-08-16,317507.0,31750700.0
2011-08-17,330470.0,33047000.0
2011-08-18,348702.0,34870200.0
2011-08-19,346881.0,34688100.0
2011-08-20,307200.0,30720000.0
2011-08-21,281152.0,28115200.0
2011-08-22,311526.0,31152600.0
2011-08-23,296822.0,29682200.0
2011-08-24,361918.0,36191800.0
2011-08-25,326803.0,32680300.0
2011-08-26,311079.0,31107900.0
2011-08-27,299632.0,29963200.0
2011-08-28,254149.0,25414900.0
2011-08-29,295185.0,29518500.0
2011-08-30,291739.0,29173900.0
2011-08-31,334367.0,33436700.0
2011-09-01,404926.0,40492600.0
2011-09-02,419958.0,41995800.0
2011-09-03,341040.0,34104000.0
2011-09-04,251219.0,25121900.0
2011-09-05,213884.0,21388400.0
2011-09-06,246886.0,24688600.0
2011-09-07,256730.0,25673000.0
2011-09-08,263377.0,26337700.0
2011-09-09,268306.0,26830600.0
2011-09-10,249367.0,24936700.0
2011-09-11,251300.0,25130000.0
2011-09-12,311637.0,31163700.0
2011-09-13,295608.0,29560800.0
2011-09-14,256504.0,25650400.0
2011-09-15,246438.0,24643800.0
2011-09-16,246179.0,24617900.0
2011-09-17,222391.0,22239100.0
2011-09-18,213710.0,21371000.0
2011-09-19,255240.0,25524000.0
2011-09-20,259252.0,25925200.0
2011-09-21,260298.0,26029800.0
2011-09-22,250315.0,25031500.0
2011-09-23,244859.0,24485900.0
2011-09-24,220392.0,22039200.0
2011-09-25,210781.0,21078100.0
2011-09-26,247639.0,24763900.0
2011-09-27,252132.0,25213200.0
2011-09-28,252486.0,25248600.0
2011-09-29,252921.0,25292100.0
2011-09-30,246952.0,24695200.0
2011-10-01,221989.0,22198900.0
2011-10-02,210802.0,21080200.0
2011-10-03,245658.0,24565800.0
2011-10-04,253315.0,25331500.0
2011-10-05,257897.0,25789700.0
2011-10-06,264534.0,26453400.0
2011-10-07,269070.0,26907000.0
2011-10-08,247788.0,24778800.0
2011-10-09,227741.0,22774100.0
2011-10-10,257444.0,25744400.0
2011-10-11,269019.0,26901900.0
2011-10-12,268115.0,26811500.0
2011-10-13,262767.0,26276700.0
2011-10-14,248293.0,24829300.0
2011-10-15,223279.0,22327900.0
2011-10-16,211822.0,21182200.0
2011-10-17,246861.0,24686100.0
2011-10-18,256232.0,25623200.0
2011-10-19,262227.0,26222700.0
2011-10-20,265025.0,26502500.0
2011-10-21,256773.0,25677300.0
2011-10-22,231441.0,23144100.0
2011-10-23,217146.0,21714600.0
2011-10-24,248360.0,24836000.0
2011-10-25,257017.0,25701700.0
2011-10-26,256171.0,25617100.0
2011-10-27,256625.0,25662500.0
2011-10-28,255524.0,25552400.0
2011-10-29,230690.0,23069000.0
2011-10-30,224115.0,22411500.0
2011-10-31,252535.0,25253500.0
2011-11-01,259032.0,25903200.0
2011-11-02,255689.0,25568900.0
2011-11-03,264114.0,26411400.0
2011-11-04,257635.0,25763500.0
2011-11-05,233128.0,23312800.0
2011-11-06,213494.0,21349400.0
2011-11-07,253406.0,25340600.0
2011-11-08,264133.0,26413300.0
2011-11-09,266240.0,26624000.0
2011-11-10,274189.0,27418900.0
2011-11-11,269169.0,26916900.0
2011-11-12,239392.0,23939200.0
2011-11-13,221241.0,22124100.0
2011-11-14,256049.0,25604900.0
2011-11-15,259336.0,25933600.0
2011-11-16,267026.0,26702600.0
2011-11-17,277709.0,27770900.0
2011-11-18,274764.0,27476400.0
2011-11-19,243681.0,24368100.0
2011-11-20,229156.0,22915600.0
2011-11-21,263549.0,26354900.0
2011-11-22,270782.0,27078200.0
2011-11-23,262722.0,26272200.0
2011-11-24,223483.0,22348300.0
2011-11-25,226471.0,22647100.0
2011-11-26,226966.0,22696600.0
2011-11-27,232626.0,23262600.0
2011-11-28,273120.0,27312000.0
2011-11-29,282616.0,28261600.0
2011-11-30,281925.0,28192500.0
2011-12-01,279443.0,27944300.0
2011-12-02,276835.0,27683500.0
2011-12-03,251510.0,25151000.0
2011-12-04,239006.0,23900600.0
2011-12-05,276942.0,27694200.0
2011-12-06,283740.0,28374000.0
2011-12-07,286449.0,28644900.0
2011-12-08,289215.0,28921500.0
2011-12-09,289845.0,28984500.0
2011-12-10,278834.0,27883400.0
2011-12-11,257528.0,25752800.0
2011-12-12,283044.0,28304400.0
2011-12-13,281441.0,28144100.0
2011-12-14,282294.0,28229400.0
2011-12-15,280236.0,28023600.0
2011-12-16,286695.0,28669500.0
2011-12-17,270817.0,27081700.0
2011-12-18,252962.0,25296200.0
2011-12-19,274198.0,27419800.0
2011-12-20,282756.0,28275600.0
2011-12-21,280996.0,28099600.0
2011-12-22,282903.0,28290300.0
2011-12-23,272792.0,27279200.0
2011-12-24,247154.0,24715400.0
2011-12-25,227882.0,22788200.0
2011-12-26,242379.0,24237900.0
2011-12-27,269994.0,26999400.0
2011-12-28,281205.0,28120500.0
2011-12-29,267937.0,26793700.0
2011-12-30,260491.0,26049100.0
2011-12-31,243257.0,24325700.0
2012-01-01,237456.0,23745600.0
2012-01-02,269228.0,26922800.0
2012-01-03,299708.0,29970800.0
2012-01-04,290869.0,29086900.0
2012-01-05,280656.0,28065600.0
2012-01-06,266330.0,26633000.0
2012-01-07,245699.0,24569900.0
2012-01-08,240921.0,24092100.0
2012-01-09,276483.0,27648300.0
2012-01-10,272201.0,27220100.0
2012-01-11,269402.0,26940200.0
2012-01-12,285762.0,28576200.0
2012-01-13,300123.0,30012300.0
2012-01-14,277115.0,27711500.0
2012-01-15,263260.0,26326000.0
2012-01-16,279439.0,27943900.0
2012-01-17,289315.0,28931500.0
2012-01-18,303730.0,30373000.0
2012-01-19,308829.0,30882900.0
2012-01-20,318022.0,31802200.0
2012-01-21,279644.0,27964400.0
2012-01-22,267533.0,26753300.0
2012-01-23,286761.0,28676100.0
2012-01-24,288995.0,28899500.0
2012-01-25,290801.0,29080100.0
2012-01-26,284935.0,28493500.0
2012-01-27,274410.0,27441000.0
2012-01-28,258447.0,25844700.0
2012-01-29,252659.0,25265900.0
2012-01-30,281890.0,28189000.0
2012-01-31,267317.0,26731700.0
2012-02-01,267273.0,26727300.0
2012-02-02,271948.0,27194800.0
2012-02-03,273371.0,27337100.0
2012-02-04,249473.0,24947300.0
2012-02-05,236593.0,23659300.0
2012-02-06,279490.0,27949000.0
2012-02-07,287515.0,28751500.0
2012-02-08,284713.0,28471300.0
2012-02-09,287463.0,28746300.0
2012-02-10,290474.0,29047400.0
2012-02-11,283459.0,28345900.0
2012-02-12,262875.0,26287500.0
2012-02-13,291475.0,29147500.0
2012-02-14,287358.0,28735800.0
2012-02-15,279188.0,27918800.0
2012-02-16,271693.0,27169300.0
2012-02-17,270786.0,27078600.0
2012-02-18,246851.0,24685100.0
2012-02-19,238529.0,23852900.0
2012-02-20,270020.0,27002000.0
2012-02-21,278070.0,27807000.0
2012-02-22,273051.0,27305100.0
2012-02-23,278226.0,27822600.0
2012-02-24,280626.0,28062600.0
2012-02-25,261263.0,26126300.0
2012-02-26,243959.0,24395900.0
2012-02-27,272045.0,27204500.0
2012-02-28,279596.0,27959600.0
2012-02-29,266949.0,26694900.0
2012-03-01,273953.0,27395300.0
2012-03-02,274406.0,27440600.0
2012-03-03,256904.0,25690400.0
2012-03-04,243341.0,24334100.0
2012-03-05,276392.0,27639200.0
2012-03-06,266585.0,26658500.0
2012-03-07,255252.0,25525200.0
2012-03-08,258212.0,25821200.0
2012-03-09,266887.0,26688700.0
2012-03-10,240564.0,24056400.0
2012-03-11,208263.0,20826300.0
2012-03-12,248143.0,24814300.0
2012-03-13,248450.0,24845000.0
2012-03-14,255160.0,25516000.0
2012-03-15,262951.0,26295100.0
2012-03-16,254791.0,25479100.0
2012-03-17,234264.0,23426400.0
2012-03-18,223809.0,22380900.0
2012-03-19,261996.0,26199600.0
2012-03-20,275057.0,27505700.0
2012-03-21,284146.0,28414600.0
2012-03-22,279095.0,27909500.0
2012-03-23,256972.0,25697200.0
2012-03-24,220485.0,22048500.0
2012-03-25,207908.0,20790800.0
2012-03-26,244302.0,24430200.0
2012-03-27,251130.0,25113000.0
2012-03-28,244849.0,24484900.0
2012-03-29,243471.0,24347100.0
2012-03-30,246479.0,24647900.0
2012-03-31,226570.0,22657000.0
2012-04-01,210544.0,21054400.0
2012-04-02,241182.0,24118200.0
2012-04-03,245080.0,24508000.0
2012-04-04,243980.0,24398000.0
2012-04-05,246579.0,24657900.0
2012-04-06,233409.0,23340900.0
2012-04-07,214664.0,21466400.0
2012-04-08,197989.0,19798900.0
2012-04-09,236770.0,23677000.0
2012-04-10,250488.0,25048800.0
2012-04-11,253272.0,25327200.0
2012-04-12,250760.0,25076000.0
2012-04-13,245792.0,24579200.0
2012-04-14,222177.0,22217700.0
2012-04-15,216020.0,21602000.0
2012-04-16,243549.0,24354900.0
2012-04-17,245299.0,24529900.0
2012-04-18,250624.0,25062400.0
2012-04-19,246462.0,24646200.0
2012-04-20,249855.0,24985500.0
2012-04-21,222730.0,22273000.0
2012-04-22,210588.0,21058800.0
2012-04-23,245092.0,24509200.0
2012-04-24,246657.0,24665700.0
2012-04-25,246948.0,24694800.0
2012-04-26,243911.0,24391100.0
2012-04-27,246867.0,24686700.0
2012-04-28,226337.0,22633700.0
2012-04-29,211197.0,21119700.0
2012-04-30,244605.0,24460500.0
2012-05-01,246353.0,24635300.0
2012-05-02,258682.0,25868200.0
2012-05-03,291696.0,29169600.0
2012-05-04,273027.0,27302700.0
2012-05-05,218706.0,21870600.0
2012-05-06,210241.0,21024100.0
2012-05-07,245009.0,24500900.0
2012-05-08,250356.0,25035600.0
2012-05-09,243948.0,24394800.0
2012-05-10,246986.0,24698600.0
2012-05-11,250823.0,25082300.0
2012-05-12,220560.0,22056000.0
2012-05-13,203124.0,20312400.0
2012-05-14,249443.0,24944300.0
2012-05-15,270952.0,27095200.0
2012-05-16,251305.0,25130500.0
2012-05-17,251377.0,25137700.0
2012-05-18,262011.0,26201100.0
2012-05-19,271031.0,27103100.0
2012-05-20,287366.0,28736600.0
2012-05-21,262046.0,26204600.0
2012-05-22,255112.0,25511200.0
2012-05-23,265237.0,26523700.0
2012-05-24,307533.0,30753300.0
2012-05-25,306477.0,30647700.0
2012-05-26,250587.0,25058700.0
2012-05-27,297605.0,29760500.0
2012-05-28,330784.0,33078400.0
2012-05-29,321702.0,32170200.0
2012-05-30,265081.0,26508100.0
2012-05-31,248092.0,24809200.0
2012-06-01,243030.0,24303000.0
2012-06-02,224430.0,22443000.0
2012-06-03,225675.0,22567500.0
2012-06-04,268127.0,26812700.0
2012-06-05,262145.0,26214500.0
2012-06-06,264783.0,26478300.0
2012-06-07,274310.0,27431000.0
2012-06-08,300518.0,30051800.0
2012-06-09,309068.0,30906800.0
2012-06-10,315370.0,31537000.0
2012-06-11,362915.0,36291500.0
2012-06-12,306822.0,30682200.0
2012-06-13,269599.0,26959900.0
2012-06-14,288500.0,28850000.0
2012-06-15,331703.0,33170300.0
2012-06-16,332298.0,33229800.0
2012-06-17,306140.0,30614000.0
2012-06-18,381936.0,38193600.0
2012-06-19,417666.0,41766600.0
2012-06-20,417460.0,41746000.0
2012-06-21,366484.0,36648400.0
2012-06-22,326089.0,32608900.0
2012-06-23,298967.0,29896700.0
2012-06-24,304645.0,30464500.0
2012-06-25,298840.0,29884000.0
2012-06-26,298340.0,29834000.0
2012-06-27,340311.0,34031100.0
2012-06-28,422896.0,42289600.0
2012-06-29,381527.0,38152700.0
2012-06-30,345255.0,34525500.0
2012-07-01,333760.0,33376000.0
2012-07-02,402398.0,40239800.0
2012-07-03,427706.0,42770600.0
2012-07-04,414322.0,41432200.0
2012-07-05,450464.0,45046400.0
2012-07-06,473597.0,47359700.0
2012-07-07,412406.0,41240600.0
2012-07-08,311997.0,31199700.0
2012-07-09,349616.0,34961600.0
2012-07-10,338492.0,33849200.0
2012-07-11,342421.0,34242100.0
2012-07-12,361763.0,36176300.0
2012-07-13,369476.0,36947600.0
2012-07-14,339215.0,33921500.0
2012-07-15,349701.0,34970100.0
2012-07-16,425099.0,42509900.0
2012-07-17,459461.0,45946100.0
2012-07-18,432668.0,43266800.0
2012-07-19,370678.0,37067800.0
2012-07-20,339431.0,33943100.0
2012-07-21,322793.0,32279300.0
2012-07-22,326036.0,32603600.0
2012-07-23,418715.0,41871500.0
2012-07-24,383868.0,38386800.0
2012-07-25,402919.0,40291900.0
2012-07-26,398580.0,39858000.0
2012-07-27,346887.0,34688700.0
2012-07-28,310477.0,31047700.0
2012-07-29,291705.0,29170500.0
2012-07-30,377822.0,37782200.0
2012-07-31,383755.0,38375500.0
2012-08-01,371160.0,37116000.0
2012-08-02,381035.0,38103500.0
2012-08-03,397719.0,39771900.0
2012-08-04,362835.0,36283500.0
2012-08-05,300876.0,30087600.0
2012-08-06,330884.0,33088400.0
2012-08-07,362267.0,36226700.0
2012-08-08,356991.0,35699100.0
2012-08-09,306289.0,30628900.0
2012-08-10,278981.0,27898100.0
2012-08-11,249929.0,24992900.0
2012-08-12,236616.0,23661600.0
2012-08-13,271279.0,27127900.0
2012-08-14,289721.0,28972100.0
2012-08-15,316913.0,31691300.0
2012-08-16,305506.0,30550600.0
2012-08-17,275128.0,27512800.0
2012-08-18,246861.0,24686100.0
2012-08-19,239614.0,23961400.0
2012-08-20,276825.0,27682500.0
2012-08-21,283545.0,28354500.0
2012-08-22,297639.0,29763900.0
2012-08-23,335560.0,33556000.0
2012-08-24,364897.0,36489700.0
2012-08-25,346417.0,34641700.0
2012-08-26,291504.0,29150400.0
2012-08-27,337582.0,33758200.0
2012-08-28,334697.0,33469700.0
2012-08-29,336050.0,33605000.0
2012-08-30,357743.0,35774300.0
2012-08-31,374651.0,37465100.0
2012-09-01,292410.0,29241000.0
2012-09-02,286928.0,28692800.0
2012-09-03,320673.0,32067300.0
2012-09-04,378329.0,37832900.0
2012-09-05,339944.0,33994400.0
2012-09-06,346995.0,34699500.0
2012-09-07,306352.0,30635200.0
2012-09-08,240990.0,24099000.0
2012-09-09,224453.0,22445300.0
2012-09-10,264461.0,26446100.0
2012-09-11,285164.0,28516400.0
2012-09-12,311448.0,31144800.0
2012-09-13,280653.0,28065300.0
2012-09-14,260904.0,26090400.0
2012-09-15,238919.0,23891900.0
2012-09-16,226299.0,22629900.0
2012-09-17,268172.0,26817200.0
2012-09-18,250916.0,25091600.0
2012-09-19,250311.0,25031100.0
2012-09-20,253834.0,25383400.0
2012-09-21,246005.0,24600500.0
2012-09-22,219544.0,21954400.0
2012-09-23,207549.0,20754900.0
2012-09-24,244628.0,24462800.0
2012-09-25,256229.0,25622900.0
2012-09-26,256980.0,25698000.0
2012-09-27,249474.0,24947400.0
2012-09-28,247252.0,24725200.0
2012-09-29,223502.0,22350200.0
2012-09-30,209807.0,20980700.0
2012-10-01,244300.0,24430000.0
2012-10-02,252363.0,25236300.0
2012-10-03,258240.0,25824000.0
2012-10-04,258434.0,25843400.0
2012-10-05,246155.0,24615500.0
2012-10-06,227133.0,22713300.0
2012-10-07,213954.0,21395400.0
2012-10-08,249193.0,24919300.0
2012-10-09,253019.0,25301900.0
2012-10-10,254111.0,25411100.0
2012-10-11,256401.0,25640100.0
2012-10-12,249015.0,24901500.0
2012-10-13,230773.0,23077300.0
2012-10-14,218123.0,21812300.0
2012-10-15,245137.0,24513700.0
2012-10-16,253669.0,25366900.0
2012-10-17,254829.0,25482900.0
2012-10-18,251306.0,25130600.0
2012-10-19,250825.0,25082500.0
2012-10-20,225369.0,22536900.0
2012-10-21,213515.0,21351500.0
2012-10-22,250520.0,25052000.0
2012-10-23,257372.0,25737200.0
2012-10-24,263975.0,26397500.0
2012-10-25,265421.0,26542100.0
2012-10-26,248836.0,24883600.0
2012-10-27,230349.0,23034900.0
2012-10-28,221472.0,22147200.0
2012-10-29,255233.0,25523300.0
2012-10-30,263822.0,26382200.0
2012-10-31,261640.0,26164000.0
2012-11-01,261186.0,26118600.0
2012-11-02,256894.0,25689400.0
2012-11-03,236605.0,23660500.0
2012-11-04,216692.0,21669200.0
2012-11-05,262993.0,26299300.0
2012-11-06,270797.0,27079700.0
2012-11-07,266857.0,26685700.0
2012-11-08,264043.0,26404300.0
2012-11-09,258999.0,25899900.0
2012-11-10,231521.0,23152100.0
2012-11-11,218644.0,21864400.0
2012-11-12,263400.0,26340000.0
2012-11-13,274277.0,27427700.0
2012-11-14,271901.0,27190100.0
2012-11-15,269838.0,26983800.0
2012-11-16,262765.0,26276500.0
2012-11-17,239250.0,23925000.0
2012-11-18,227478.0,22747800.0
2012-11-19,257305.0,25730500.0
2012-11-20,258749.0,25874900.0
2012-11-21,257683.0,25768300.0
2012-11-22,208729.0,20872900.0
2012-11-23,234811.0,23481100.0
2012-11-24,245565.0,24556500.0
2012-11-25,238952.0,23895200.0
2012-11-26,277827.0,27782700.0
2012-11-27,287320.0,28732000.0
2012-11-28,280375.0,28037500.0
2012-11-29,274035.0,27403500.0
2012-11-30,263378.0,26337800.0
2012-12-01,243398.0,24339800.0
2012-12-02,223368.0,22336800.0
2012-12-03,261226.0,26122600.0
2012-12-04,258855.0,25885500.0
2012-12-05,274313.0,27431300.0
2012-12-06,279321.0,27932100.0
2012-12-07,270776.0,27077600.0
2012-12-08,252677.0,25267700.0
2012-12-09,247434.0,24743400.0
2012-12-10,283687.0,28368700.0
2012-12-11,288663.0,28866300.0
2012-12-12,286237.0,28623700.0
2012-12-13,281355.0,28135500.0
2012-12-14,275164.0,27516400.0
2012-12-15,256946.0,25694600.0
2012-12-16,239534.0,23953400.0
2012-12-17,274931.0,27493100.0
2012-12-18,284681.0,28468100.0
2012-12-19,282755.0,28275500.0
2012-12-20,285580.0,28558000.0
2012-12-21,291995.0,29199500.0
2012-12-22,270319.0,27031900.0
2012-12-23,256475.0,25647500.0
2012-12-24,257142.0,25714200.0
2012-12-25,243665.0,24366500.0
2012-12-26,277426.0,27742600.0
2012-12-27,280508.0,28050800.0
2012-12-28,277047.0,27704700.0
2012-12-29,261886.0,26188600.0
2012-12-30,257970.0,25797000.0
2012-12-31,262625.0,26262500.0
2013-01-01,254325.0,25432500.0
2013-01-02,293024.0,29302400.0
2013-01-03,298284.0,29828400.0
2013-01-04,297474.0,29747400.0
2013-01-05,270802.0,27080200.0
2013-01-06,255196.0,25519600.0
2013-01-07,290148.0,29014800.0
2013-01-08,284851.0,28485100.0
2013-01-09,277831.0,27783100.0
2013-01-10,283053.0,28305300.0
2013-01-11,268467.0,26846700.0
2013-01-12,243864.0,24386400.0
2013-01-13,255349.0,25534900.0
2013-01-14,298622.0,29862200.0
2013-01-15,297887.0,29788700.0
2013-01-16,296079.0,29607900.0
2013-01-17,288596.0,28859600.0
2013-01-18,290470.0,29047000.0
2013-01-19,254287.0,25428700.0
2013-01-20,264303.0,26430300.0
2013-01-21,310091.0,31009100.0
2013-01-22,325680.0,32568000.0
2013-01-23,321098.0,32109800.0
2013-01-24,318512.0,31851200.0
2013-01-25,306561.0,30656100.0
2013-01-26,276200.0,27620000.0
2013-01-27,265639.0,26563900.0
2013-01-28,274489.0,27448900.0
2013-01-29,268736.0,26873600.0
2013-01-30,279206.0,27920600.0
2013-01-31,311167.0,31116700.0
2013-02-01,322046.0,32204600.0
2013-02-02,289514.0,28951400.0
2013-02-03,275813.0,27581300.0
2013-02-04,298750.0,29875000.0
2013-02-05,302124.0,30212400.0
2013-02-06,290166.0,29016600.0
2013-02-07,290907.0,29090700.0
2013-02-08,292541.0,29254100.0
2013-02-09,264745.0,26474500.0
2013-02-10,251381.0,25138100.0
2013-02-11,285545.0,28554500.0
2013-02-12,291718.0,29171800.0
2013-02-13,282301.0,28230100.0
2013-02-14,280796.0,28079600.0
2013-02-15,280982.0,28098200.0
2013-02-16,274648.0,27464800.0
2013-02-17,263157.0,26315700.0
2013-02-18,278811.0,27881100.0
2013-02-19,306007.0,30600700.0
2013-02-20,308418.0,30841800.0
2013-02-21,304025.0,30402500.0
2013-02-22,295105.0,29510500.0
2013-02-23,265197.0,26519700.0
2013-02-24,248964.0,24896400.0
2013-02-25,275373.0,27537300.0
2013-02-26,290598.0,29059800.0
2013-02-27,286451.0,28645100.0
2013-02-28,285144.0,28514400.0
2013-03-01,288555.0,28855500.0
2013-03-02,263087.0,26308700.0
2013-03-03,252254.0,25225400.0
2013-03-04,286779.0,28677900.0
2013-03-05,288327.0,28832700.0
2013-03-06,286004.0,28600400.0
2013-03-07,278328.0,27832800.0
2013-03-08,275516.0,27551600.0
2013-03-09,255051.0,25505100.0
2013-03-10,228252.0,22825200.0
2013-03-11,270452.0,27045200.0
2013-03-12,283456.0,28345600.0
2013-03-13,285976.0,28597600.0
2013-03-14,283578.0,28357800.0
2013-03-15,275986.0,27598600.0
2013-03-16,256085.0,25608500.0
2013-03-17,244358.0,24435800.0
2013-03-18,283062.0,28306200.0
2013-03-19,292471.0,29247100.0
2013-03-20,295286.0,29528600.0
2013-03-21,286179.0,28617900.0
2013-03-22,273227.0,27322700.0
2013-03-23,243675.0,24367500.0
2013-03-24,240072.0,24007200.0
2013-03-25,275015.0,27501500.0
2013-03-26,269731.0,26973100.0
2013-03-27,266742.0,26674200.0
2013-03-28,259515.0,25951500.0
2013-03-29,238748.0,23874800.0
2013-03-30,223816.0,22381600.0
2013-03-31,207384.0,20738400.0
2013-04-01,254921.0,25492100.0
2013-04-02,264851.0,26485100.0
2013-04-03,263547.0,26354700.0
2013-04-04,259716.0,25971600.0
2013-04-05,252853.0,25285300.0
2013-04-06,233522.0,23352200.0
2013-04-07,209673.0,20967300.0
2013-04-08,246208.0,24620800.0
2013-04-09,254552.0,25455200.0
2013-04-10,265569.0,26556900.0
2013-04-11,267564.0,26756400.0
2013-04-12,263819.0,26381900.0
2013-04-13,238331.0,23833100.0
2013-04-14,220414.0,22041400.0
2013-04-15,245926.0,24592600.0
2013-04-16,248051.0,24805100.0
2013-04-17,262555.0,26255500.0
2013-04-18,262592.0,26259200.0
2013-04-19,266001.0,26600100.0
2013-04-20,236483.0,23648300.0
2013-04-21,221142.0,22114200.0
2013-04-22,245166.0,24516600.0
2013-04-23,250645.0,25064500.0
2013-04-24,254159.0,25415900.0
2013-04-25,252692.0,25269200.0
2013-04-26,246951.0,24695100.0
2013-04-27,215514.0,21551400.0
2013-04-28,204708.0,20470800.0
2013-04-29,240792.0,24079200.0
2013-04-30,257811.0,25781100.0
2013-05-01,276800.0,27680000.0
2013-05-02,245935.0,24593500.0
2013-05-03,246172.0,24617200.0
2013-05-04,219296.0,21929600.0
2013-05-05,205197.0,20519700.0
2013-05-06,240397.0,24039700.0
2013-05-07,249341.0,24934100.0
2013-05-08,255092.0,25509200.0
2013-05-09,252397.0,25239700.0
2013-05-10,242443.0,24244300.0
2013-05-11,218387.0,21838700.0
2013-05-12,204442.0,20444200.0
2013-05-13,241217.0,24121700.0
2013-05-14,263882.0,26388200.0
2013-05-15,286948.0,28694800.0
2013-05-16,274483.0,27448300.0
2013-05-17,253876.0,25387600.0
2013-05-18,238431.0,23843100.0
2013-05-19,251891.0,25189100.0
2013-05-20,324740.0,32474000.0
2013-05-21,313711.0,31371100.0
2013-05-22,287865.0,28786500.0
2013-05-23,247684.0,24768400.0
2013-05-24,239958.0,23995800.0
2013-05-25,214540.0,21454000.0
2013-05-26,202830.0,20283000.0
2013-05-27,204077.0,20407700.0
2013-05-28,257630.0,25763000.0
2013-05-29,291483.0,29148300.0
2013-05-30,321664.0,32166400.0
2013-05-31,296302.0,29630200.0
2013-06-01,260556.0,26055600.0
2013-06-02,214859.0,21485900.0
2013-06-03,243979.0,24397900.0
2013-06-04,251615.0,25161500.0
2013-06-05,253989.0,25398900.0
2013-06-06,248546.0,24854600.0
2013-06-07,245139.0,24513900.0
2013-06-08,224588.0,22458800.0
2013-06-09,225256.0,22525600.0
2013-06-10,280259.0,28025900.0
2013-06-11,304773.0,30477300.0
2013-06-12,312095.0,31209500.0
2013-06-13,280235.0,28023500.0
2013-06-14,266447.0,26644700.0
2013-06-15,247974.0,24797400.0
2013-06-16,274935.0,27493500.0
2013-06-17,326096.0,32609600.0
2013-06-18,270353.0,27035300.0
2013-06-19,269623.0,26962300.0
2013-06-20,304564.0,30456400.0
2013-06-21,311828.0,31182800.0
2013-06-22,286670.0,28667000.0
2013-06-23,296172.0,29617200.0
2013-06-24,326664.0,32666400.0
2013-06-25,324931.0,32493100.0
2013-06-26,319675.0,31967500.0
2013-06-27,349945.0,34994500.0
2013-06-28,325309.0,32530900.0
2013-06-29,254492.0,25449200.0
2013-06-30,237071.0,23707100.0
2013-07-01,266261.0,26626100.0
2013-07-02,257449.0,25744900.0
2013-07-03,256597.0,25659700.0
2013-07-04,245172.0,24517200.0
2013-07-05,293762.0,29376200.0
2013-07-06,292746.0,29274600.0
2013-07-07,308609.0,30860900.0
2013-07-08,357297.0,35729700.0
2013-07-09,369580.0,36958000.0
2013-07-10,375182.0,37518200.0
2013-07-11,317167.0,31716700.0
2013-07-12,309399.0,30939900.0
2013-07-13,299491.0,29949100.0
2013-07-14,321607.0,32160700.0
2013-07-15,385724.0,38572400.0
2013-07-16,414934.0,41493400.0
2013-07-17,432147.0,43214700.0
2013-07-18,441206.0,44120600.0
2013-07-19,443268.0,44326800.0
2013-07-20,360722.0,36072200.0
2013-07-21,318747.0,31874700.0
2013-07-22,365846.0,36584600.0
2013-07-23,332969.0,33296900.0
2013-07-24,279637.0,27963700.0
2013-07-25,286634.0,28663400.0
2013-07-26,279735.0,27973500.0
2013-07-27,232689.0,23268900.0
2013-07-28,211096.0,21109600.0
2013-07-29,260815.0,26081500.0
2013-07-30,268620.0,26862000.0
2013-07-31,278758.0,27875800.0
2013-08-01,288762.0,28876200.0
2013-08-02,303230.0,30323000.0
2013-08-03,277639.0,27763900.0
2013-08-04,245133.0,24513300.0
2013-08-05,269694.0,26969400.0
2013-08-06,310735.0,31073500.0
2013-08-07,357733.0,35773300.0
2013-08-08,310963.0,31096300.0
2013-08-09,307324.0,30732400.0
2013-08-10,289729.0,28972900.0
2013-08-11,264727.0,26472700.0
2013-08-12,323760.0,32376000.0
2013-08-13,283282.0,28328200.0
2013-08-14,266389.0,26638900.0
2013-08-15,266921.0,26692100.0
2013-08-16,280483.0,28048300.0
2013-08-17,265133.0,26513300.0
2013-08-18,261195.0,26119500.0
2013-08-19,315212.0,31521200.0
2013-08-20,346304.0,34630400.0
2013-08-21,370187.0,37018700.0
2013-08-22,328342.0,32834200.0
2013-08-23,310011.0,31001100.0
2013-08-24,292107.0,29210700.0
2013-08-25,311562.0,31156200.0
2013-08-26,377106.0,37710600.0
2013-08-27,415628.0,41562800.0
2013-08-28,385552.0,38555200.0
2013-08-29,368003.0,36800300.0
2013-08-30,379446.0,37944600.0
2013-08-31,292658.0,29265800.0
2013-09-01,290758.0,29075800.0
2013-09-02,267805.0,26780500.0
2013-09-03,276241.0,27624100.0
2013-09-04,293803.0,29380300.0
2013-09-05,294011.0,29401100.0
2013-09-06,300104.0,30010400.0
2013-09-07,306561.0,30656100.0
2013-09-08,285537.0,28553700.0
2013-09-09,372696.0,37269600.0
2013-09-10,419034.0,41903400.0
2013-09-11,387452.0,38745200.0
2013-09-12,331002.0,33100200.0
2013-09-13,259454.0,25945400.0
2013-09-14,227411.0,22741100.0
2013-09-15,216151.0,21615100.0
2013-09-16,245834.0,24583400.0
2013-09-17,251227.0,25122700.0
2013-09-18,271977.0,27197700.0
2013-09-19,311227.0,31122700.0
2013-09-20,294667.0,29466700.0
2013-09-21,230015.0,23001500.0
2013-09-22,211737.0,21173700.0
2013-09-23,246083.0,24608300.0
2013-09-24,252611.0,25261100.0
2013-09-25,255771.0,25577100.0
2013-09-26,260924.0,26092400.0
2013-09-27,265137.0,26513700.0
2013-09-28,248252.0,24825200.0
2013-09-29,225105.0,22510500.0
2013-09-30,254069.0,25406900.0
2013-10-01,273094.0,27309400.0
2013-10-02,279964.0,27996400.0
2013-10-03,284027.0,28402700.0
2013-10-04,285486.0,28548600.0
2013-10-05,267393.0,26739300.0
2013-10-06,221877.0,22187700.0
2013-10-07,245696.0,24569600.0
2013-10-08,256533.0,25653300.0
2013-10-09,256009.0,25600900.0
2013-10-10,257076.0,25707600.0
2013-10-11,257372.0,25737200.0
2013-10-12,231811.0,23181100.0
2013-10-13,208037.0,20803700.0
2013-10-14,241603.0,24160300.0
2013-10-15,254157.0,25415700.0
2013-10-16,250395.0,25039500.0
2013-10-17,251233.0,25123300.0
2013-10-18,253678.0,25367800.0
2013-10-19,228255.0,22825500.0
2013-10-20,216746.0,21674600.0
2013-10-21,248877.0,24887700.0
2013-10-22,264365.0,26436500.0
2013-10-23,264668.0,26466800.0
2013-10-24,264859.0,26485900.0
2013-10-25,262585.0,26258500.0
2013-10-26,234424.0,23442400.0
2013-10-27,221671.0,22167100.0
2013-10-28,255222.0,25522200.0
2013-10-29,257911.0,25791100.0
2013-10-30,256499.0,25649900.0
2013-10-31,258380.0,25838000.0
2013-11-01,255905.0,25590500.0
2013-11-02,234588.0,23458800.0
2013-11-03,215819.0,21581900.0
2013-11-04,256014.0,25601400.0
2013-11-05,257819.0,25781900.0
2013-11-06,262006.0,26200600.0
2013-11-07,268709.0,26870900.0
2013-11-08,266661.0,26666100.0
2013-11-09,234391.0,23439100.0
2013-11-10,223022.0,22302200.0
2013-11-11,265367.0,26536700.0
2013-11-12,281745.0,28174500.0
2013-11-13,285833.0,28583300.0
2013-11-14,276406.0,27640600.0
2013-11-15,266336.0,26633600.0
2013-11-16,243623.0,24362300.0
2013-11-17,222557.0,22255700.0
2013-11-18,262606.0,26260600.0
2013-11-19,272567.0,27256700.0
2013-11-20,273051.0,27305100.0
2013-11-21,265814.0,26581400.0
2013-11-22,269601.0,26960100.0
2013-11-23,267102.0,26710200.0
2013-11-24,265461.0,26546100.0
2013-11-25,295480.0,29548000.0
2013-11-26,290963.0,29096300.0
2013-11-27,294244.0,29424400.0
2013-11-28,247836.0,24783600.0
2013-11-29,255127.0,25512700.0
2013-11-30,244037.0,24403700.0
2013-12-01,237998.0,23799800.0
2013-12-02,275140.0,27514000.0
2013-12-03,275996.0,27599600.0
2013-12-04,268579.0,26857900.0
2013-12-05,285745.0,28574500.0
2013-12-06,302646.0,30264600.0
2013-12-07,290085.0,29008500.0
2013-12-08,280364.0,28036400.0
2013-12-09,308590.0,30859000.0
2013-12-10,326182.0,32618200.0
2013-12-11,319808.0,31980800.0
2013-12-12,330539.0,33053900.0
2013-12-13,307428.0,30742800.0
2013-12-14,282948.0,28294800.0
2013-12-15,281991.0,28199100.0
2013-12-16,316005.0,31600500.0
2013-12-17,311598.0,31159800.0
2013-12-18,306209.0,30620900.0
2013-12-19,293739.0,29373900.0
2013-12-20,290168.0,29016800.0
2013-12-21,271489.0,27148900.0
2013-12-22,262780.0,26278000.0
2013-12-23,298672.0,29867200.0
2013-12-24,298046.0,29804600.0
2013-12-25,266624.0,26662400.0
2013-12-26,287911.0,28791100.0
2013-12-27,276495.0,27649500.0
2013-12-28,251382.0,25138200.0
2013-12-29,256872.0,25687200.0
2013-12-30,303641.0,30364100.0
2013-12-31,298518.0,29851800.0
2014-01-01,273926.0,27392600.0
2014-01-02,303458.0,30345800.0
2014-01-03,321343.0,32134300.0
2014-01-04,293595.0,29359500.0
2014-01-05,287618.0,28761800.0
2014-01-06,342541.0,34254100.0
2014-01-07,350049.0,35004900.0
2014-01-08,335400.0,33540000.0
2014-01-09,328712.0,32871200.0
2014-01-10,302778.0,30277800.0
2014-01-11,271319.0,27131900.0
2014-01-12,258333.0,25833300.0
2014-01-13,277831.0,27783100.0
2014-01-14,295737.0,29573700.0
2014-01-15,305477.0,30547700.0
2014-01-16,306736.0,30673600.0
2014-01-17,312251.0,31225100.0
2014-01-18,295697.0,29569700.0
2014-01-19,275339.0,27533900.0
2014-01-20,288332.0,28833200.0
2014-01-21,320069.0,32006900.0
2014-01-22,331205.0,33120500.0
2014-01-23,338879.0,33887900.0
2014-01-24,338727.0,33872700.0
2014-01-25,293479.0,29347900.0
2014-01-26,287127.0,28712700.0
2014-01-27,335466.0,33546600.0
2014-01-28,345355.0,34535500.0
2014-01-29,331952.0,33195200.0
2014-01-30,318619.0,31861900.0
2014-01-31,303571.0,30357100.0
2014-02-01,280130.0,28013000.0
2014-02-02,270092.0,27009200.0
2014-02-03,309106.0,30910600.0
2014-02-04,313782.0,31378200.0
2014-02-05,309027.0,30902700.0
2014-02-06,322839.0,32283900.0
2014-02-07,326987.0,32698700.0
2014-02-08,299050.0,29905000.0
2014-02-09,278876.0,27887600.0
2014-02-10,318030.0,31803000.0
2014-02-11,323241.0,32324100.0
2014-02-12,318867.0,31886700.0
2014-02-13,304536.0,30453600.0
2014-02-14,302636.0,30263600.0
2014-02-15,284217.0,28421700.0
2014-02-16,266351.0,26635100.0
2014-02-17,299242.0,29924200.0
2014-02-18,286617.0,28661700.0
2014-02-19,275952.0,27595200.0
2014-02-20,284343.0,28434300.0
2014-02-21,288138.0,28813800.0
2014-02-22,267132.0,26713200.0
2014-02-23,260827.0,26082700.0
2014-02-24,299306.0,29930600.0
2014-02-25,304934.0,30493400.0
2014-02-26,324029.0,32402900.0
2014-02-27,321341.0,32134100.0
2014-02-28,315222.0,31522200.0
2014-03-01,279410.0,27941000.0
2014-03-02,280435.0,28043500.0
2014-03-03,313644.0,31364400.0
2014-03-04,305985.0,30598500.0
2014-03-05,304211.0,30421100.0
2014-03-06,297250.0,29725000.0
2014-03-07,283291.0,28329100.0
2014-03-08,260226.0,26022600.0
2014-03-09,239842.0,23984200.0
2014-03-10,262519.0,26251900.0
2014-03-11,266477.0,26647700.0
2014-03-12,281543.0,28154300.0
2014-03-13,292977.0,29297700.0
2014-03-14,271163.0,27116300.0
2014-03-15,247960.0,24796000.0
2014-03-16,256730.0,25673000.0
2014-03-17,284612.0,28461200.0
2014-03-18,274319.0,27431900.0
2014-03-19,273316.0,27331600.0
2014-03-20,268531.0,26853100.0
2014-03-21,261383.0,26138300.0
2014-03-22,241341.0,24134100.0
2014-03-23,242427.0,24242700.0
2014-03-24,275043.0,27504300.0
2014-03-25,281306.0,28130600.0
2014-03-26,280702.0,28070200.0
2014-03-27,275944.0,27594400.0
2014-03-28,264470.0,26447000.0
2014-03-29,246786.0,24678600.0
2014-03-30,229231.0,22923100.0
2014-03-31,250355.0,25035500.0
2014-04-01,257032.0,25703200.0
2014-04-02,259426.0,25942600.0
2014-04-03,271580.0,27158000.0
2014-04-04,268059.0,26805900.0
2014-04-05,235559.0,23555900.0
2014-04-06,218344.0,21834400.0
2014-04-07,250969.0,25096900.0
2014-04-08,250945.0,25094500.0
2014-04-09,249501.0,24950100.0
2014-04-10,246644.0,24664400.0
2014-04-11,243270.0,24327000.0
2014-04-12,222770.0,22277000.0
2014-04-13,210599.0,21059900.0
2014-04-14,251573.0,25157300.0
2014-04-15,265277.0,26527700.0
2014-04-16,261309.0,26130900.0
2014-04-17,250428.0,25042800.0
2014-04-18,229015.0,22901500.0
2014-04-19,216977.0,21697700.0
2014-04-20,200571.0,20057100.0
2014-04-21,240534.0,24053400.0
2014-04-22,239311.0,23931100.0
2014-04-23,246749.0,24674900.0
2014-04-24,248483.0,24848300.0
2014-04-25,241113.0,24111300.0
2014-04-26,215021.0,21502100.0
2014-04-27,210392.0,21039200.0
2014-04-28,245208.0,24520800.0
2014-04-29,243924.0,24392400.0
2014-04-30,243845.0,24384500.0
2014-05-01,250779.0,25077900.0
2014-05-02,245430.0,24543000.0
2014-05-03,216088.0,21608800.0
2014-05-04,200706.0,20070600.0
2014-05-05,237841.0,23784100.0
2014-05-06,241937.0,24193700.0
2014-05-07,243271.0,24327100.0
2014-05-08,267763.0,26776300.0
2014-05-09,268188.0,26818800.0
2014-05-10,222317.0,22231700.0
2014-05-11,221648.0,22164800.0
2014-05-12,285248.0,28524800.0
2014-05-13,265140.0,26514000.0
2014-05-14,241079.0,24107900.0
2014-05-15,246672.0,24667200.0
2014-05-16,249763.0,24976300.0
2014-05-17,221475.0,22147500.0
2014-05-18,208141.0,20814100.0
2014-05-19,243353.0,24335300.0
2014-05-20,276613.0,27661300.0
2014-05-21,305046.0,30504600.0
2014-05-22,267497.0,26749700.0
2014-05-23,247519.0,24751900.0
2014-05-24,217842.0,21784200.0
2014-05-25,217842.0,21784200.0
2014-05-26,253482.0,25348200.0
2014-05-27,309043.0,30904300.0
2014-05-28,272857.0,27285700.0
2014-05-29,266424.0,26642400.0
2014-05-30,271273.0,27127300.0
2014-05-31,265294.0,26529400.0
2014-06-01,280310.0,28031000.0
2014-06-02,326190.0,32619000.0
2014-06-03,312629.0,31262900.0
2014-06-04,268406.0,26840600.0
2014-06-05,261533.0,26153300.0
2014-06-06,271558.0,27155800.0
2014-06-07,257238.0,25723800.0
2014-06-08,222935.0,22293500.0
2014-06-09,259355.0,25935500.0
2014-06-10,254653.0,25465300.0
2014-06-11,256241.0,25624100.0
2014-06-12,273837.0,27383700.0
2014-06-13,257778.0,25777800.0
2014-06-14,239117.0,23911700.0
2014-06-15,247995.0,24799500.0
2014-06-16,339338.0,33933800.0
2014-06-17,375092.0,37509200.0
2014-06-18,343393.0,34339300.0
2014-06-19,297392.0,29739200.0
2014-06-20,319934.0,31993400.0
2014-06-21,276598.0,27659800.0
2014-06-22,269045.0,26904500.0
2014-06-23,306674.0,30667400.0
2014-06-24,336181.0,33618100.0
2014-06-25,302454.0,30245400.0
2014-06-26,285278.0,28527800.0
2014-06-27,318643.0,31864300.0
2014-06-28,329326.0,32932600.0
2014-06-29,317979.0,31797900.0
2014-06-30,355188.0,35518800.0
2014-07-01,312767.0,31276700.0
2014-07-02,274835.0,27483500.0
2014-07-03,259595.0,25959500.0
2014-07-04,233170.0,23317000.0
2014-07-05,236557.0,23655700.0
2014-07-06,273358.0,27335800.0
2014-07-07,359936.0,35993600.0
2014-07-08,338982.0,33898200.0
2014-07-09,303032.0,30303200.0
2014-07-10,294455.0,29445500.0
2014-07-11,292172.0,29217200.0
2014-07-12,288242.0,28824200.0
2014-07-13,299199.0,29919900.0
2014-07-14,302565.0,30256500.0
2014-07-15,262107.0,26210700.0
2014-07-16,260830.0,26083000.0
2014-07-17,268939.0,26893900.0
2014-07-18,283017.0,28301700.0
2014-07-19,265895.0,26589500.0
2014-07-20,266032.0,26603200.0
2014-07-21,333547.0,33354700.0
2014-07-22,372473.0,37247300.0
2014-07-23,310986.0,31098600.0
2014-07-24,274012.0,27401200.0
2014-07-25,266761.0,26676100.0
2014-07-26,283287.0,28328700.0
2014-07-27,295919.0,29591900.0
2014-07-28,268815.0,26881500.0
2014-07-29,276712.0,27671200.0
2014-07-30,284034.0,28403400.0
2014-07-31,296335.0,29633500.0
2014-08-01,301181.0,30118100.0
2014-08-02,275100.0,27510000.0
2014-08-03,280619.0,28061900.0
2014-08-04,323153.0,32315300.0
2014-08-05,313465.0,31346500.0
2014-08-06,300639.0,30063900.0
2014-08-07,298850.0,29885000.0
2014-08-08,304870.0,30487000.0
2014-08-09,282218.0,28221800.0
2014-08-10,270818.0,27081800.0
2014-08-11,315930.0,31593000.0
2014-08-12,275774.0,27577400.0
2014-08-13,278646.0,27864600.0
2014-08-14,273989.0,27398900.0
2014-08-15,267938.0,26793800.0
2014-08-16,269889.0,26988900.0
2014-08-17,252395.0,25239500.0
2014-08-18,304687.0,30468700.0
2014-08-19,337615.0,33761500.0
2014-08-20,345231.0,34523100.0
2014-08-21,331701.0,33170100.0
2014-08-22,352797.0,35279700.0
2014-08-23,318035.0,31803500.0
2014-08-24,316024.0,31602400.0
2014-08-25,360480.0,36048000.0
2014-08-26,337505.0,33750500.0
2014-08-27,327173.0,32717300.0
2014-08-28,306026.0,30602600.0
2014-08-29,338669.0,33866900.0
2014-08-30,314373.0,31437300.0
2014-08-31,302682.0,30268200.0
2014-09-01,303632.0,30363200.0
2014-09-02,327620.0,32762000.0
2014-09-03,331309.0,33130900.0
2014-09-04,333764.0,33376400.0
2014-09-05,357988.0,35798800.0
2014-09-06,254183.0,25418300.0
2014-09-07,238242.0,23824200.0
2014-09-08,276877.0,27687700.0
2014-09-09,297481.0,29748100.0
2014-09-10,305878.0,30587800.0
2014-09-11,247105.0,24710500.0
2014-09-12,242156.0,24215600.0
2014-09-13,218602.0,21860200.0
2014-09-14,206742.0,20674200.0
2014-09-15,240439.0,24043900.0
2014-09-16,244775.0,24477500.0
2014-09-17,246498.0,24649800.0
2014-09-18,249338.0,24933800.0
2014-09-19,251890.0,25189000.0
2014-09-20,236496.0,23649600.0
2014-09-21,214896.0,21489600.0
2014-09-22,239366.0,23936600.0
2014-09-23,248991.0,24899100.0
2014-09-24,252724.0,25272400.0
2014-09-25,254563.0,25456300.0
2014-09-26,260553.0,26055300.0
2014-09-27,238821.0,23882100.0
2014-09-28,227928.0,22792800.0
2014-09-29,266362.0,26636200.0
2014-09-30,243952.0,24395200.0
2014-10-01,247344.0,24734400.0
2014-10-02,261568.0,26156800.0
2014-10-03,249564.0,24956400.0
2014-10-04,224018.0,22401800.0
2014-10-05,209643.0,20964300.0
2014-10-06,241440.0,24144000.0
2014-10-07,245184.0,24518400.0
2014-10-08,244251.0,24425100.0
2014-10-09,242629.0,24262900.0
2014-10-10,240992.0,24099200.0
2014-10-11,219218.0,21921800.0
2014-10-12,207513.0,20751300.0
2014-10-13,243625.0,24362500.0
2014-10-14,252399.0,25239900.0
2014-10-15,246593.0,24659300.0
2014-10-16,246228.0,24622800.0
2014-10-17,244764.0,24476400.0
2014-10-18,223019.0,22301900.0
2014-10-19,214497.0,21449700.0
2014-10-20,244440.0,24444000.0
2014-10-21,248213.0,24821300.0
2014-10-22,249680.0,24968000.0
2014-10-23,249449.0,24944900.0
2014-10-24,245232.0,24523200.0
2014-10-25,221546.0,22154600.0
2014-10-26,208103.0,20810300.0
2014-10-27,249755.0,24975500.0
2014-10-28,247912.0,24791200.0
2014-10-29,251532.0,25153200.0
2014-10-30,255403.0,25540300.0
2014-10-31,260880.0,26088000.0
2014-11-01,239844.0,23984400.0
2014-11-02,238430.0,23843000.0
2014-11-03,254504.0,25450400.0
2014-11-04,253996.0,25399600.0
2014-11-05,255072.0,25507200.0
2014-11-06,260352.0,26035200.0
2014-11-07,259526.0,25952600.0
2014-11-08,238960.0,23896000.0
2014-11-09,225968.0,22596800.0
2014-11-10,251816.0,25181600.0
2014-11-11,260510.0,26051000.0
2014-11-12,276970.0,27697000.0
2014-11-13,284802.0,28480200.0
2014-11-14,283447.0,28344700.0
2014-11-15,261508.0,26150800.0
2014-11-16,251747.0,25174700.0
2014-11-17,298899.0,29889900.0
2014-11-18,313206.0,31320600.0
2014-11-19,304766.0,30476600.0
2014-11-20,298991.0,29899100.0
2014-11-21,295833.0,29583300.0
2014-11-22,260752.0,26075200.0
2014-11-23,232674.0,23267400.0
2014-11-24,274441.0,27444100.0
2014-11-25,290814.0,29081400.0
2014-11-26,291310.0,29131000.0
2014-11-27,251557.0,25155700.0
2014-11-28,263394.0,26339400.0
2014-11-29,242276.0,24227600.0
2014-11-30,235178.0,23517800.0
2014-12-01,294339.0,29433900.0
2014-12-02,296376.0,29637600.0
2014-12-03,289951.0,28995100.0
2014-12-04,290955.0,29095500.0
2014-12-05,282250.0,28225000.0
2014-12-06,260008.0,26000800.0
2014-12-07,255548.0,25554800.0
2014-12-08,287915.0,28791500.0
2014-12-09,286885.0,28688500.0
2014-12-10,290333.0,29033300.0
2014-12-11,290938.0,29093800.0
2014-12-12,293061.0,29306100.0
2014-12-13,258932.0,25893200.0
2014-12-14,237240.0,23724000.0
2014-12-15,270718.0,27071800.0
2014-12-16,278563.0,27856300.0
2014-12-17,295295.0,29529500.0
2014-12-18,296743.0,29674300.0
2014-12-19,291176.0,29117600.0
2014-12-20,268006.0,26800600.0
2014-12-21,256473.0,25647300.0
2014-12-22,284038.0,28403800.0
2014-12-23,267266.0,26726600.0
2014-12-24,248561.0,24856100.0
2014-12-25,228597.0,22859700.0
2014-12-26,241573.0,24157300.0
2014-12-27,239790.0,23979000.0
2014-12-28,244392.0,24439200.0
2014-12-29,277354.0,27735400.0
2014-12-30,291708.0,29170800.0
2014-12-31,291545.0,29154500.0
2015-01-01,262435.0,26243500.0
2015-01-02,268974.0,26897400.0
2015-01-03,259154.0,25915400.0
2015-01-04,259917.0,25991700.0
2015-01-05,323007.0,32300700.0
2015-01-06,323664.0,32366400.0
2015-01-07,336467.0,33646700.0
2015-01-08,347474.0,34747400.0
2015-01-09,334501.0,33450100.0
2015-01-10,311711.0,31171100.0
2015-01-11,275033.0,27503300.0
2015-01-12,300766.0,30076600.0
2015-01-13,309572.0,30957200.0
2015-01-14,317152.0,31715200.0
2015-01-15,302676.0,30267600.0
2015-01-16,289906.0,28990600.0
2015-01-17,261634.0,26163400.0
2015-01-18,244148.0,24414800.0
2015-01-19,271845.0,27184500.0
2015-01-20,279713.0,27971300.0
2015-01-21,284499.0,28449900.0
2015-01-22,285968.0,28596800.0
2015-01-23,285163.0,28516300.0
2015-01-24,256204.0,25620400.0
2015-01-25,254330.0,25433000.0
2015-01-26,292487.0,29248700.0
2015-01-27,288050.0,28805000.0
2015-01-28,288853.0,28885300.0
2015-01-29,287608.0,28760800.0
2015-01-30,284024.0,28402400.0
2015-01-31,263467.0,26346700.0
2015-02-01,260439.0,26043900.0
2015-02-02,290301.0,29030100.0
2015-02-03,300461.0,30046100.0
2015-02-04,298779.0,29877900.0
2015-02-05,311309.0,31130900.0
2015-02-06,300328.0,30032800.0
2015-02-07,258505.0,25850500.0
2015-02-08,243863.0,24386300.0
2015-02-09,287996.0,28799600.0
2015-02-10,286975.0,28697500.0
2015-02-11,288628.0,28862800.0
2015-02-12,304916.0,30491600.0
2015-02-13,309726.0,30972600.0
2015-02-14,285663.0,28566300.0
2015-02-15,286129.0,28612900.0
2015-02-16,303974.0,30397400.0
2015-02-17,308510.0,30851000.0
2015-02-18,323774.0,32377400.0
2015-02-19,333517.0,33351700.0
2015-02-20,329372.0,32937200.0
2015-02-21,280150.0,28015000.0
2015-02-22,267843.0,26784300.0
2015-02-23,315666.0,31566600.0
2015-02-24,318695.0,31869500.0
2015-02-25,303114.0,30311400.0
2015-02-26,307429.0,30742900.0
2015-02-27,310432.0,31043200.0
2015-02-28,288649.0,28864900.0
2015-03-01,266376.0,26637600.0
2015-03-02,288911.0,28891100.0
2015-03-03,291477.0,29147700.0
2015-03-04,292824.0,29282400.0
2015-03-05,304425.0,30442500.0
2015-03-06,301431.0,30143100.0
2015-03-07,254250.0,25425000.0
2015-03-08,226708.0,22670800.0
2015-03-09,260981.0,26098100.0
2015-03-10,258599.0,25859900.0
2015-03-11,256986.0,25698600.0
2015-03-12,258270.0,25827000.0
2015-03-13,250109.0,25010900.0
2015-03-14,224105.0,22410500.0
2015-03-15,214450.0,21445000.0
2015-03-16,242757.0,24275700.0
2015-03-17,251520.0,25152000.0
2015-03-18,257050.0,25705000.0
2015-03-19,255972.0,25597200.0
2015-03-20,250523.0,25052300.0
2015-03-21,227408.0,22740800.0
2015-03-22,229226.0,22922600.0
2015-03-23,271642.0,27164200.0
2015-03-24,272036.0,27203600.0
2015-03-25,269318.0,26931800.0
2015-03-26,265146.0,26514600.0
2015-03-27,269324.0,26932400.0
2015-03-28,249088.0,24908800.0
2015-03-29,239327.0,23932700.0
2015-03-30,251356.0,25135600.0
2015-03-31,247663.0,24766300.0
2015-04-01,247863.0,24786300.0
2015-04-02,241968.0,24196800.0
2015-04-03,228643.0,22864300.0
2015-04-04,219944.0,21994400.0
2015-04-05,195570.0,19557000.0
2015-04-06,237298.0,23729800.0
2015-04-07,254818.0,25481800.0
2015-04-08,251970.0,25197000.0
2015-04-09,256526.0,25652600.0
2015-04-10,244004.0,24400400.0
2015-04-11,220902.0,22090200.0
2015-04-12,208697.0,20869700.0
2015-04-13,239590.0,23959000.0
2015-04-14,240743.0,24074300.0
2015-04-15,241981.0,24198100.0
2015-04-16,240220.0,24022000.0
2015-04-17,241871.0,24187100.0
2015-04-18,214198.0,21419800.0
2015-04-19,203705.0,20370500.0
2015-04-20,242361.0,24236100.0
2015-04-21,248704.0,24870400.0
2015-04-22,255162.0,25516200.0
2015-04-23,249008.0,24900800.0
2015-04-24,246622.0,24662200.0
2015-04-25,229176.0,22917600.0
2015-04-26,210239.0,21023900.0
2015-04-27,239747.0,23974700.0
2015-04-28,242139.0,24213900.0
2015-04-29,240123.0,24012300.0
2015-04-30,240226.0,24022600.0
2015-05-01,240469.0,24046900.0
2015-05-02,217790.0,21779000.0
2015-05-03,210259.0,21025900.0
2015-05-04,247177.0,24717700.0
2015-05-05,242157.0,24215700.0
2015-05-06,251397.0,25139700.0
2015-05-07,267192.0,26719200.0
2015-05-08,279079.0,27907900.0
2015-05-09,227301.0,22730100.0
2015-05-10,205185.0,20518500.0
2015-05-11,245281.0,24528100.0
2015-05-12,242403.0,24240300.0
2015-05-13,241756.0,24175600.0
2015-05-14,243970.0,24397000.0
2015-05-15,251777.0,25177700.0
2015-05-16,245223.0,24522300.0
2015-05-17,252335.0,25233500.0
2015-05-18,280177.0,28017700.0
2015-05-19,238898.0,23889800.0
2015-05-20,243196.0,24319600.0
2015-05-21,244553.0,24455300.0
2015-05-22,237452.0,23745200.0
2015-05-23,218697.0,21869700.0
2015-05-24,210757.0,21075700.0
2015-05-25,231565.0,23156500.0
2015-05-26,273656.0,27365600.0
2015-05-27,274002.0,27400200.0
2015-05-28,283996.0,28399600.0
2015-05-29,298128.0,29812800.0
2015-05-30,242709.0,24270900.0
2015-05-31,203438.0,20343800.0
2015-06-01,234024.0,23402400.0
2015-06-02,243206.0,24320600.0
2015-06-03,256334.0,25633400.0
2015-06-04,278839.0,27883900.0
2015-06-05,259996.0,25999600.0
2015-06-06,223535.0,22353500.0
2015-06-07,227371.0,22737100.0
2015-06-08,291465.0,29146500.0
2015-06-09,295266.0,29526600.0
2015-06-10,347231.0,34723100.0
2015-06-11,291874.0,29187400.0
2015-06-12,260137.0,26013700.0
2015-06-13,256712.0,25671200.0
2015-06-14,276378.0,27637800.0
2015-06-15,319887.0,31988700.0
2015-06-16,291220.0,29122000.0
2015-06-17,260279.0,26027900.0
2015-06-18,297209.0,29720900.0
2015-06-19,255802.0,25580200.0
2015-06-20,240948.0,24094800.0
2015-06-21,270865.0,27086500.0
2015-06-22,323485.0,32348500.0
2015-06-23,317289.0,31728900.0
2015-06-24,293729.0,29372900.0
2015-06-25,297197.0,29719700.0
2015-06-26,262342.0,26234200.0
2015-06-27,236385.0,23638500.0
2015-06-28,232443.0,23244300.0
2015-06-29,273988.0,27398800.0
2015-06-30,282298.0,28229800.0
2015-07-01,254988.0,25498800.0
2015-07-02,246096.0,24609600.0
2015-07-03,233276.0,23327600.0
2015-07-04,234469.0,23446900.0
2015-07-05,259479.0,25947900.0
2015-07-06,319264.0,31926400.0
2015-07-07,277507.0,27750700.0
2015-07-08,249102.0,24910200.0
2015-07-09,259018.0,25901800.0
2015-07-10,278990.0,27899000.0
2015-07-11,257485.0,25748500.0
2015-07-12,273839.0,27383900.0
2015-07-13,339556.0,33955600.0
2015-07-14,328178.0,32817800.0
2015-07-15,275317.0,27531700.0
2015-07-16,270022.0,27002200.0
2015-07-17,353109.0,35310900.0
2015-07-18,344855.0,34485500.0
2015-07-19,324198.0,32419800.0
2015-07-20,329633.0,32963300.0
2015-07-21,323409.0,32340900.0
2015-07-22,313873.0,31387300.0
2015-07-23,327297.0,32729700.0
2015-07-24,335890.0,33589000.0
2015-07-25,338839.0,33883900.0
2015-07-26,287483.0,28748300.0
2015-07-27,349353.0,34935300.0
2015-07-28,373669.0,37366900.0
2015-07-29,376590.0,37659000.0
2015-07-30,347334.0,34733400.0
2015-07-31,342370.0,34237000.0
2015-08-01,304470.0,30447000.0
2015-08-02,332405.0,33240500.0
2015-08-03,335544.0,33554400.0
2015-08-04,312459.0,31245900.0
2015-08-05,313008.0,31300800.0
2015-08-06,322621.0,32262100.0
2015-08-07,318643.0,31864300.0
2015-08-08,297233.0,29723300.0
2015-08-09,266666.0,26666600.0
2015-08-10,324880.0,32488000.0
2015-08-11,316921.0,31692100.0
2015-08-12,308043.0,30804300.0
2015-08-13,325353.0,32535300.0
2015-08-14,350237.0,35023700.0
2015-08-15,326174.0,32617400.0
2015-08-16,332914.0,33291400.0
2015-08-17,361759.0,36175900.0
2015-08-18,340193.0,34019300.0
2015-08-19,309217.0,30921700.0
2015-08-20,268276.0,26827600.0
2015-08-21,285040.0,28504000.0
2015-08-22,275876.0,27587600.0
2015-08-23,255534.0,25553400.0
2015-08-24,262719.0,26271900.0
2015-08-25,254530.0,25453000.0
2015-08-26,250831.0,25083100.0
2015-08-27,256696.0,25669600.0
2015-08-28,260768.0,26076800.0
2015-08-29,244705.0,24470500.0
2015-08-30,243478.0,24347800.0
2015-08-31,310247.0,31024700.0
2015-09-01,362147.0,36214700.0
2015-09-02,377664.0,37766400.0
2015-09-03,382597.0,38259700.0
2015-09-04,349698.0,34969800.0
2015-09-05,304652.0,30465200.0
2015-09-06,321429.0,32142900.0
2015-09-07,329792.0,32979200.0
2015-09-08,334313.0,33431300.0
2015-09-09,297083.0,29708300.0
2015-09-10,265660.0,26566000.0
2015-09-11,253956.0,25395600.0
2015-09-12,217215.0,21721500.0
2015-09-13,208072.0,20807200.0
2015-09-14,258232.0,25823200.0
2015-09-15,286035.0,28603500.0
2015-09-16,292737.0,29273700.0
2015-09-17,305652.0,30565200.0
2015-09-18,302191.0,30219100.0
2015-09-19,242503.0,24250300.0
2015-09-20,214804.0,21480400.0
2015-09-21,251274.0,25127400.0
2015-09-22,263018.0,26301800.0
2015-09-23,271405.0,27140500.0
2015-09-24,270037.0,27003700.0
2015-09-25,268703.0,26870300.0
2015-09-26,243996.0,24399600.0
2015-09-27,231253.0,23125300.0
2015-09-28,280355.0,28035500.0
2015-09-29,262592.0,26259200.0
2015-09-30,240683.0,24068300.0
2015-10-01,238927.0,23892700.0
2015-10-02,238049.0,23804900.0
2015-10-03,216988.0,21698800.0
2015-10-04,207337.0,20733700.0
2015-10-05,238969.0,23896900.0
2015-10-06,245572.0,24557200.0
2015-10-07,249726.0,24972600.0
2015-10-08,253507.0,25350700.0
2015-10-09,242351.0,24235100.0
2015-10-10,216129.0,21612900.0
2015-10-11,210075.0,21007500.0
2015-10-12,241919.0,24191900.0
2015-10-13,238218.0,23821800.0
2015-10-14,239100.0,23910000.0
2015-10-15,241957.0,24195700.0
2015-10-16,238471.0,23847100.0
2015-10-17,220945.0,22094500.0
2015-10-18,210857.0,21085700.0
2015-10-19,242264.0,24226400.0
2015-10-20,243959.0,24395900.0
2015-10-21,247842.0,24784200.0
2015-10-22,242696.0,24269600.0
2015-10-23,241175.0,24117500.0
2015-10-24,223860.0,22386000.0
2015-10-25,205168.0,20516800.0
2015-10-26,239293.0,23929300.0
2015-10-27,244874.0,24487400.0
2015-10-28,248489.0,24848900.0
2015-10-29,255195.0,25519500.0
2015-10-30,244693.0,24469300.0
2015-10-31,225877.0,22587700.0
2015-11-01,217930.0,21793000.0
2015-11-02,242544.0,24254400.0
2015-11-03,246013.0,24601300.0
2015-11-04,249346.0,24934600.0
2015-11-05,252442.0,25244200.0
2015-11-06,242449.0,24244900.0
2015-11-07,222961.0,22296100.0
2015-11-08,215107.0,21510700.0
2015-11-09,245475.0,24547500.0
2015-11-10,248208.0,24820800.0
2015-11-11,248014.0,24801400.0
2015-11-12,255623.0,25562300.0
2015-11-13,255256.0,25525600.0
2015-11-14,232096.0,23209600.0
2015-11-15,212515.0,21251500.0
2015-11-16,244378.0,24437800.0
2015-11-17,252867.0,25286700.0
2015-11-18,250064.0,25006400.0
2015-11-19,254481.0,25448100.0
2015-11-20,262063.0,26206300.0
2015-11-21,254016.0,25401600.0
2015-11-22,249642.0,24964200.0
2015-11-23,272284.0,27228400.0
2015-11-24,269142.0,26914200.0
2015-11-25,259229.0,25922900.0
2015-11-26,214192.0,21419200.0
2015-11-27,228763.0,22876300.0
2015-11-28,233593.0,23359300.0
2015-11-29,233403.0,23340300.0
2015-11-30,264553.0,26455300.0
2015-12-01,264356.0,26435600.0
2015-12-02,274316.0,27431600.0
2015-12-03,278769.0,27876900.0
2015-12-04,268712.0,26871200.0
2015-12-05,247158.0,24715800.0
2015-12-06,235466.0,23546600.0
2015-12-07,272496.0,27249600.0
2015-12-08,270581.0,27058100.0
2015-12-09,261861.0,26186100.0
2015-12-10,262945.0,26294500.0
2015-12-11,257205.0,25720500.0
2015-12-12,233588.0,23358800.0
2015-12-13,225461.0,22546100.0
2015-12-14,256901.0,25690100.0
2015-12-15,267195.0,26719500.0
2015-12-16,269816.0,26981600.0
2015-12-17,279415.0,27941500.0
2015-12-18,283923.0,28392300.0
2015-12-19,267751.0,26775100.0
2015-12-20,246192.0,24619200.0
2015-12-21,264848.0,26484800.0
2015-12-22,265863.0,26586300.0
2015-12-23,258332.0,25833200.0
2015-12-24,233945.0,23394500.0
2015-12-25,215073.0,21507300.0
2015-12-26,230197.0,23019700.0
2015-12-27,232463.0,23246300.0
2015-12-28,275598.0,27559800.0
2015-12-29,269019.0,26901900.0
2015-12-30,270721.0,27072100.0
2015-12-31,262451.0,26245100.0
2016-01-01,251416.0,25141600.0
2016-01-02,250133.0,25013300.0
2016-01-03,253421.0,25342100.0
2016-01-04,281907.0,28190700.0
2016-01-05,287024.0,28702400.0
2016-01-06,283341.0,28334100.0
2016-01-07,274174.0,27417400.0
2016-01-08,269372.0,26937200.0
2016-01-09,252554.0,25255400.0
2016-01-10,265448.0,26544800.0
2016-01-11,313177.0,31317700.0
2016-01-12,314451.0,31445100.0
2016-01-13,322504.0,32250400.0
2016-01-14,287734.0,28773400.0
2016-01-15,275589.0,27558900.0
2016-01-16,260529.0,26052900.0
2016-01-17,283769.0,28376900.0
2016-01-18,321747.0,32174700.0
2016-01-19,320829.0,32082900.0
2016-01-20,307351.0,30735100.0
2016-01-21,298931.0,29893100.0
2016-01-22,295170.0,29517000.0
2016-01-23,264683.0,26468300.0
2016-01-24,253956.0,25395600.0
2016-01-25,277736.0,27773600.0
2016-01-26,285841.0,28584100.0
2016-01-27,285320.0,28532000.0
2016-01-28,280446.0,28044600.0
2016-01-29,276643.0,27664300.0
2016-01-30,245217.0,24521700.0
2016-01-31,230430.0,23043000.0
2016-02-01,263570.0,26357000.0
2016-02-02,278750.0,27875000.0
2016-02-03,276817.0,27681700.0
2016-02-04,281616.0,28161600.0
2016-02-05,278915.0,27891500.0
2016-02-06,252662.0,25266200.0
2016-02-07,236132.0,23613200.0
2016-02-08,277224.0,27722400.0
2016-02-09,298306.0,29830600.0
2016-02-10,304414.0,30441400.0
2016-02-11,302216.0,30221600.0
2016-02-12,299989.0,29998900.0
2016-02-13,287820.0,28782000.0
2016-02-14,278291.0,27829100.0
2016-02-15,291053.0,29105300.0
2016-02-16,285119.0,28511900.0
2016-02-17,279298.0,27929800.0
2016-02-18,282014.0,28201400.0
2016-02-19,257282.0,25728200.0
2016-02-20,226385.0,22638500.0
2016-02-21,224532.0,22453200.0
2016-02-22,258479.0,25847900.0
2016-02-23,262504.0,26250400.0
2016-02-24,276795.0,27679500.0
2016-02-25,275396.0,27539600.0
2016-02-26,272332.0,27233200.0
2016-02-27,242301.0,24230100.0
2016-02-28,219490.0,21949000.0
2016-02-29,255775.0,25577500.0
2016-03-01,282163.0,28216300.0
2016-03-02,282161.0,28216100.0
2016-03-03,278564.0,27856400.0
2016-03-04,270196.0,27019600.0
2016-03-05,248898.0,24889800.0
2016-03-06,227838.0,22783800.0
2016-03-07,247759.0,24775900.0
2016-03-08,245239.0,24523900.0
2016-03-09,243551.0,24355100.0
2016-03-10,244874.0,24487400.0
2016-03-11,246041.0,24604100.0
2016-03-12,225229.0,22522900.0
2016-03-13,208248.0,20824800.0
2016-03-14,244250.0,24425000.0
2016-03-15,244981.0,24498100.0
2016-03-16,244778.0,24477800.0
2016-03-17,244970.0,24497000.0
2016-03-18,245977.0,24597700.0
2016-03-19,227481.0,22748100.0
2016-03-20,218609.0,21860900.0
2016-03-21,247929.0,24792900.0
2016-03-22,247446.0,24744600.0
2016-03-23,252761.0,25276100.0
2016-03-24,260848.0,26084800.0
2016-03-25,240230.0,24023000.0
2016-03-26,218904.0,21890400.0
2016-03-27,205615.0,20561500.0
2016-03-28,238277.0,23827700.0
2016-03-29,244875.0,24487500.0
2016-03-30,244861.0,24486100.0
2016-03-31,242408.0,24240800.0
2016-04-01,241812.0,24181200.0
2016-04-02,235684.0,23568400.0
2016-04-03,220833.0,22083300.0
2016-04-04,254205.0,25420500.0
2016-04-05,260990.0,26099000.0
2016-04-06,257015.0,25701500.0
2016-04-07,257653.0,25765300.0
2016-04-08,258924.0,25892400.0
2016-04-09,241794.0,24179400.0
2016-04-10,231215.0,23121500.0
2016-04-11,244131.0,24413100.0
2016-04-12,249994.0,24999400.0
2016-04-13,249553.0,24955300.0
2016-04-14,245501.0,24550100.0
2016-04-15,240255.0,24025500.0
2016-04-16,215427.0,21542700.0
2016-04-17,206206.0,20620600.0
2016-04-18,244138.0,24413800.0
2016-04-19,237392.0,23739200.0
2016-04-20,240280.0,24028000.0
2016-04-21,243031.0,24303100.0
2016-04-22,233994.0,23399400.0
2016-04-23,212771.0,21277100.0
2016-04-24,204725.0,20472500.0
2016-04-25,250655.0,25065500.0
2016-04-26,241046.0,24104600.0
2016-04-27,245164.0,24516400.0
2016-04-28,245095.0,24509500.0
2016-04-29,240573.0,24057300.0
2016-04-30,224541.0,22454100.0
2016-05-01,211944.0,21194400.0
2016-05-02,236183.0,23618300.0
2016-05-03,239922.0,23992200.0
2016-05-04,239623.0,23962300.0
2016-05-05,240774.0,24077400.0
2016-05-06,244360.0,24436000.0
2016-05-07,215096.0,21509600.0
2016-05-08,197952.0,19795200.0
2016-05-09,234111.0,23411100.0
2016-05-10,242525.0,24252500.0
2016-05-11,242873.0,24287300.0
2016-05-12,246441.0,24644100.0
2016-05-13,237294.0,23729400.0
2016-05-14,216387.0,21638700.0
2016-05-15,203724.0,20372400.0
2016-05-16,236430.0,23643000.0
2016-05-17,236425.0,23642500.0
2016-05-18,237956.0,23795600.0
2016-05-19,240391.0,24039100.0
2016-05-20,236287.0,23628700.0
2016-05-21,215557.0,21555700.0
2016-05-22,211299.0,21129900.0
2016-05-23,253462.0,25346200.0
2016-05-24,281533.0,28153300.0
2016-05-25,313443.0,31344300.0
2016-05-26,310276.0,31027600.0
2016-05-27,309817.0,30981700.0
2016-05-28,275482.0,27548200.0
2016-05-29,257569.0,25756900.0
2016-05-30,269021.0,26902100.0
2016-05-31,291146.0,29114600.0
2016-06-01,288355.0,28835500.0
2016-06-02,291251.0,29125100.0
2016-06-03,292417.0,29241700.0
2016-06-04,255877.0,25587700.0
2016-06-05,241383.0,24138300.0
2016-06-06,286124.0,28612400.0
2016-06-07,255814.0,25581400.0
2016-06-08,252356.0,25235600.0
2016-06-09,251441.0,25144100.0
2016-06-10,317837.0,31783700.0
2016-06-11,347279.0,34727900.0
2016-06-12,256700.0,25670000.0
2016-06-13,288741.0,28874100.0
2016-06-14,327840.0,32784000.0
2016-06-15,368437.0,36843700.0
2016-06-16,314079.0,31407900.0
2016-06-17,301625.0,30162500.0
2016-06-18,290575.0,29057500.0
2016-06-19,307522.0,30752200.0
2016-06-20,384863.0,38486300.0
2016-06-21,333821.0,33382100.0
2016-06-22,305692.0,30569200.0
2016-06-23,303409.0,30340900.0
2016-06-24,309011.0,30901100.0
2016-06-25,328867.0,32886700.0
2016-06-26,338637.0,33863700.0
2016-06-27,361393.0,36139300.0
2016-06-28,286431.0,28643100.0
2016-06-29,276700.0,27670000.0
2016-06-30,284715.0,28471500.0
2016-07-01,274682.0,27468200.0
2016-07-02,230167.0,23016700.0
2016-07-03,225178.0,22517800.0
2016-07-04,239758.0,23975800.0
2016-07-05,323921.0,32392100.0
2016-07-06,350115.0,35011500.0
2016-07-07,340134.0,34013400.0
2016-07-08,345949.0,34594900.0
2016-07-09,290351.0,29035100.0
2016-07-10,273707.0,27370700.0
2016-07-11,370270.0,37027000.0
2016-07-12,390775.0,39077500.0
2016-07-13,361693.0,36169300.0
2016-07-14,350398.0,35039800.0
2016-07-15,298305.0,29830500.0
2016-07-16,262116.0,26211600.0
2016-07-17,272047.0,27204700.0
2016-07-18,349227.0,34922700.0
2016-07-19,359698.0,35969800.0
2016-07-20,371712.0,37171200.0
2016-07-21,398100.0,39810000.0
2016-07-22,382735.0,38273500.0
2016-07-23,380519.0,38051900.0
2016-07-24,347369.0,34736900.0
2016-07-25,371098.0,37109800.0
2016-07-26,366897.0,36689700.0
2016-07-27,374207.0,37420700.0
2016-07-28,353583.0,35358300.0
2016-07-29,326504.0,32650400.0
2016-07-30,288275.0,28827500.0
2016-07-31,282808.0,28280800.0
2016-08-01,337718.0,33771800.0
2016-08-02,357312.0,35731200.0
2016-08-03,379338.0,37933800.0
2016-08-04,391145.0,39114500.0
2016-08-05,365550.0,36555000.0
2016-08-06,308356.0,30835600.0
2016-08-07,282167.0,28216700.0
2016-08-08,342071.0,34207100.0
2016-08-09,358674.0,35867400.0
2016-08-10,384126.0,38412600.0
2016-08-11,402122.0,40212200.0
2016-08-12,369315.0,36931500.0
2016-08-13,334341.0,33434100.0
2016-08-14,309860.0,30986000.0
2016-08-15,323893.0,32389300.0
2016-08-16,352548.0,35254800.0
2016-08-17,361822.0,36182200.0
2016-08-18,366331.0,36633100.0
2016-08-19,345707.0,34570700.0
2016-08-20,302956.0,30295600.0
2016-08-21,240403.0,24040300.0
2016-08-22,281352.0,28135200.0
2016-08-23,306867.0,30686700.0
2016-08-24,335698.0,33569800.0
2016-08-25,342308.0,34230800.0
2016-08-26,315057.0,31505700.0
2016-08-27,301747.0,30174700.0
2016-08-28,307568.0,30756800.0
2016-08-29,345456.0,34545600.0
2016-08-30,347229.0,34722900.0
2016-08-31,319842.0,31984200.0
2016-09-01,279432.0,27943200.0
2016-09-02,273623.0,27362300.0
2016-09-03,249198.0,24919800.0
2016-09-04,243586.0,24358600.0
2016-09-05,291514.0,29151400.0
2016-09-06,391648.0,39164800.0
2016-09-07,397950.0,39795000.0
2016-09-08,351168.0,35116800.0
2016-09-09,317402.0,31740200.0
2016-09-10,263003.0,26300300.0
2016-09-11,232308.0,23230800.0
2016-09-12,276020.0,27602000.0
2016-09-13,305692.0,30569200.0
2016-09-14,292435.0,29243500.0
2016-09-15,284060.0,28406000.0
2016-09-16,301185.0,30118500.0
2016-09-17,284778.0,28477800.0
2016-09-18,254375.0,25437500.0
2016-09-19,303155.0,30315500.0
2016-09-20,316166.0,31616600.0
2016-09-21,291535.0,29153500.0
2016-09-22,296560.0,29656000.0
2016-09-23,294132.0,29413200.0
2016-09-24,259188.0,25918800.0
2016-09-25,265209.0,26520900.0
2016-09-26,259170.0,25917000.0
2016-09-27,244591.0,24459100.0
2016-09-28,240394.0,24039400.0
2016-09-29,247113.0,24711300.0
2016-09-30,246887.0,24688700.0
2016-10-01,222568.0,22256800.0
2016-10-02,209148.0,20914800.0
2016-10-03,244549.0,24454900.0
2016-10-04,254899.0,25489900.0
2016-10-05,267136.0,26713600.0
2016-10-06,265321.0,26532100.0
2016-10-07,252896.0,25289600.0
2016-10-08,211107.0,21110700.0
2016-10-09,201805.0,20180500.0
2016-10-10,235784.0,23578400.0
2016-10-11,247242.0,24724200.0
2016-10-12,247278.0,24727800.0
2016-10-13,236848.0,23684800.0
2016-10-14,238707.0,23870700.0
2016-10-15,223974.0,22397400.0
2016-10-16,221458.0,22145800.0
2016-10-17,274232.0,27423200.0
2016-10-18,280790.0,28079000.0
2016-10-19,250181.0,25018100.0
2016-10-20,244937.0,24493700.0
2016-10-21,241526.0,24152600.0
2016-10-22,219096.0,21909600.0
2016-10-23,211299.0,21129900.0
2016-10-24,236517.0,23651700.0
2016-10-25,246665.0,24666500.0
2016-10-26,257208.0,25720800.0
2016-10-27,250715.0,25071500.0
2016-10-28,250442.0,25044200.0
2016-10-29,231438.0,23143800.0
2016-10-30,211901.0,21190100.0
2016-10-31,240430.0,24043000.0
2016-11-01,251881.0,25188100.0
2016-11-02,256094.0,25609400.0
2016-11-03,242174.0,24217400.0
2016-11-04,238708.0,23870800.0
2016-11-05,217669.0,21766900.0
2016-11-06,215397.0,21539700.0
2016-11-07,237596.0,23759600.0
2016-11-08,242087.0,24208700.0
2016-11-09,244489.0,24448900.0
2016-11-10,246526.0,24652600.0
2016-11-11,242019.0,24201900.0
2016-11-12,224421.0,22442100.0
2016-11-13,214760.0,21476000.0
2016-11-14,242668.0,24266800.0
2016-11-15,244779.0,24477900.0
2016-11-16,245843.0,24584300.0
2016-11-17,247067.0,24706700.0
2016-11-18,246009.0,24600900.0
2016-11-19,237381.0,23738100.0
2016-11-20,233849.0,23384900.0
2016-11-21,265070.0,26507000.0
2016-11-22,268762.0,26876200.0
2016-11-23,261096.0,26109600.0
2016-11-24,220207.0,22020700.0
2016-11-25,228586.0,22858600.0
2016-11-26,227121.0,22712100.0
2016-11-27,229410.0,22941000.0
2016-11-28,263138.0,26313800.0
2016-11-29,256866.0,25686600.0
2016-11-30,264914.0,26491400.0
2016-12-01,269978.0,26997800.0
2016-12-02,267402.0,26740200.0
2016-12-03,250049.0,25004900.0
2016-12-04,246644.0,24664400.0
2016-12-05,276076.0,27607600.0
2016-12-06,278687.0,27868700.0
2016-12-07,289581.0,28958100.0
2016-12-08,302520.0,30252000.0
2016-12-09,296343.0,29634300.0
2016-12-10,277949.0,27794900.0
2016-12-11,266105.0,26610500.0
2016-12-12,292578.0,29257800.0
2016-12-13,305273.0,30527300.0
2016-12-14,320409.0,32040900.0
2016-12-15,329969.0,32996900.0
2016-12-16,319971.0,31997100.0
2016-12-17,288003.0,28800300.0
2016-12-18,290373.0,29037300.0
2016-12-19,329663.0,32966300.0
2016-12-20,315444.0,31544400.0
2016-12-21,300119.0,30011900.0
2016-12-22,282591.0,28259100.0
2016-12-23,272938.0,27293800.0
2016-12-24,242704.0,24270400.0
2016-12-25,236164.0,23616400.0
2016-12-26,234725.0,23472500.0
2016-12-27,272911.0,27291100.0
2016-12-28,273170.0,27317000.0
2016-12-29,274616.0,27461600.0
2016-12-30,267911.0,26791100.0
2016-12-31,246891.0,24689100.0
2017-01-01,236507.0,23650700.0
2017-01-02,245625.0,24562500.0
2017-01-03,268119.0,26811900.0
2017-01-04,300626.0,30062600.0
2017-01-05,315678.0,31567800.0
2017-01-06,321686.0,32168600.0
2017-01-07,300906.0,30090600.0
2017-01-08,288420.0,28842000.0
2017-01-09,302008.0,30200800.0
2017-01-10,289889.0,28988900.0
2017-01-11,287508.0,28750800.0
2017-01-12,294875.0,29487500.0
2017-01-13,297511.0,29751100.0
2017-01-14,264961.0,26496100.0
2017-01-15,252086.0,25208600.0
2017-01-16,274344.0,27434400.0
2017-01-17,273920.0,27392000.0
2017-01-18,276297.0,27629700.0
2017-01-19,274404.0,27440400.0
2017-01-20,268275.0,26827500.0
2017-01-21,232306.0,23230600.0
2017-01-22,225856.0,22585600.0
2017-01-23,262006.0,26200600.0
2017-01-24,268536.0,26853600.0
2017-01-25,273254.0,27325400.0
2017-01-26,277805.0,27780500.0
2017-01-27,285444.0,28544400.0
2017-01-28,266836.0,26683600.0
2017-01-29,254501.0,25450100.0
2017-01-30,287508.0,28750800.0
2017-01-31,278814.0,27881400.0
2017-02-01,275244.0,27524400.0
2017-02-02,291252.0,29125200.0
2017-02-03,290496.0,29049600.0
2017-02-04,271067.0,27106700.0
2017-02-05,241795.0,24179500.0
2017-02-06,262619.0,26261900.0
2017-02-07,261132.0,26113200.0
2017-02-08,277680.0,27768000.0
2017-02-09,291709.0,29170900.0
2017-02-10,283099.0,28309900.0
2017-02-11,240820.0,24082000.0
2017-02-12,229248.0,22924800.0
2017-02-13,261647.0,26164700.0
2017-02-14,260310.0,26031000.0
2017-02-15,266943.0,26694300.0
2017-02-16,266608.0,26660800.0
2017-02-17,252300.0,25230000.0
2017-02-18,218771.0,21877100.0
2017-02-19,207059.0,20705900.0
2017-02-20,235922.0,23592200.0
2017-02-21,240329.0,24032900.0
2017-02-22,241925.0,24192500.0
2017-02-23,244681.0,24468100.0
2017-02-24,256189.0,25618900.0
2017-02-25,250214.0,25021400.0
2017-02-26,234901.0,23490100.0
2017-02-27,249894.0,24989400.0
2017-02-28,249731.0,24973100.0
2017-03-01,257190.0,25719000.0
2017-03-02,268319.0,26831900.0
2017-03-03,270005.0,27000500.0
2017-03-04,244574.0,24457400.0
2017-03-05,228054.0,22805400.0
2017-03-06,246428.0,24642800.0
2017-03-07,244447.0,24444700.0
2017-03-08,250738.0,25073800.0
2017-03-09,256713.0,25671300.0
2017-03-10,265049.0,26504900.0
2017-03-11,251804.0,25180400.0
2017-03-12,228408.0,22840800.0
2017-03-13,273887.0,27388700.0
2017-03-14,281640.0,28164000.0
2017-03-15,282384.0,28238400.0
2017-03-16,272323.0,27232300.0
2017-03-17,264572.0,26457200.0
2017-03-18,239660.0,23966000.0
2017-03-19,223239.0,22323900.0
2017-03-20,247161.0,24716100.0
2017-03-21,251656.0,25165600.0
2017-03-22,263007.0,26300700.0
2017-03-23,262527.0,26252700.0
2017-03-24,244664.0,24466400.0
2017-03-25,227695.0,22769500.0
2017-03-26,210633.0,21063300.0
2017-03-27,237807.0,23780700.0
2017-03-28,247261.0,24726100.0
2017-03-29,252114.0,25211400.0
2017-03-30,260278.0,26027800.0
2017-03-31,256889.0,25688900.0
2017-04-01,225274.0,22527400.0
2017-04-02,211217.0,21121700.0
2017-04-03,242117.0,24211700.0
2017-04-04,245826.0,24582600.0
2017-04-05,257250.0,25725000.0
2017-04-06,256489.0,25648900.0
2017-04-07,246731.0,24673100.0
2017-04-08,219161.0,21916100.0
2017-04-09,204545.0,20454500.0
2017-04-10,237996.0,23799600.0
2017-04-11,237809.0,23780900.0
2017-04-12,238674.0,23867400.0
2017-04-13,238820.0,23882000.0
2017-04-14,223047.0,22304700.0
2017-04-15,214584.0,21458400.0
2017-04-16,201276.0,20127600.0
2017-04-17,228347.0,22834700.0
2017-04-18,240520.0,24052000.0
2017-04-19,240477.0,24047700.0
2017-04-20,240548.0,24054800.0
2017-04-21,231425.0,23142500.0
2017-04-22,211050.0,21105000.0
2017-04-23,201347.0,20134700.0
2017-04-24,234313.0,23431300.0
2017-04-25,242169.0,24216900.0
2017-04-26,249191.0,24919100.0
2017-04-27,238132.0,23813200.0
2017-04-28,233598.0,23359800.0
2017-04-29,222415.0,22241500.0
2017-04-30,216549.0,21654900.0
2017-05-01,238976.0,23897600.0
2017-05-02,247208.0,24720800.0
2017-05-03,241284.0,24128400.0
2017-05-04,240091.0,24009100.0
2017-05-05,237226.0,23722600.0
2017-05-06,210659.0,21065900.0
2017-05-07,198916.0,19891600.0
2017-05-08,234024.0,23402400.0
2017-05-09,240508.0,24050800.0
2017-05-10,238702.0,23870200.0
2017-05-11,237510.0,23751000.0
2017-05-12,234548.0,23454800.0
2017-05-13,216802.0,21680200.0
2017-05-14,203090.0,20309000.0
2017-05-15,245028.0,24502800.0
2017-05-16,288865.0,28886500.0
2017-05-17,307163.0,30716300.0
2017-05-18,290301.0,29030100.0
2017-05-19,237778.0,23777800.0
2017-05-20,217426.0,21742600.0
2017-05-21,203686.0,20368600.0
2017-05-22,236453.0,23645300.0
2017-05-23,240721.0,24072100.0
2017-05-24,238804.0,23880400.0
2017-05-25,239982.0,23998200.0
2017-05-26,237386.0,23738600.0
2017-05-27,217252.0,21725200.0
2017-05-28,211101.0,21110100.0
2017-05-29,213054.0,21305400.0
2017-05-30,241020.0,24102000.0
2017-05-31,247915.0,24791500.0
2017-06-01,255265.0,25526500.0
2017-06-02,269900.0,26990000.0
2017-06-03,265279.0,26527900.0
2017-06-04,288796.0,28879600.0
2017-06-05,280199.0,28019900.0
2017-06-06,255078.0,25507800.0
2017-06-07,257984.0,25798400.0
2017-06-08,270885.0,27088500.0
2017-06-09,298325.0,29832500.0
2017-06-10,294171.0,29417100.0
2017-06-11,318735.0,31873500.0
2017-06-12,385120.0,38512000.0
2017-06-13,362363.0,36236300.0
2017-06-14,343603.0,34360300.0
2017-06-15,343530.0,34353000.0
2017-06-16,332894.0,33289400.0
2017-06-17,319180.0,31918000.0
2017-06-18,277652.0,27765200.0
2017-06-19,282118.0,28211800.0
2017-06-20,269530.0,26953000.0
2017-06-21,276092.0,27609200.0
2017-06-22,341781.0,34178100.0
2017-06-23,323238.0,32323800.0
2017-06-24,250468.0,25046800.0
2017-06-25,215468.0,21546800.0
2017-06-26,243344.0,24334400.0
2017-06-27,254155.0,25415500.0
2017-06-28,260494.0,26049400.0
2017-06-29,299902.0,29990200.0
2017-06-30,308340.0,30834000.0
2017-07-01,286181.0,28618100.0
2017-07-02,271991.0,27199100.0
2017-07-03,289179.0,28917900.0
2017-07-04,269971.0,26997100.0
2017-07-05,322031.0,32203100.0
2017-07-06,363077.0,36307700.0
2017-07-07,358451.0,35845100.0
2017-07-08,273863.0,27386300.0
2017-07-09,272259.0,27225900.0
2017-07-10,327653.0,32765300.0
2017-07-11,339098.0,33909800.0
2017-07-12,326053.0,32605300.0
2017-07-13,338251.0,33825100.0
2017-07-14,288880.0,28888000.0
2017-07-15,269255.0,26925500.0
2017-07-16,254133.0,25413300.0
2017-07-17,282130.0,28213000.0
2017-07-18,321811.0,32181100.0
2017-07-19,365692.0,36569200.0
2017-07-20,348961.0,34896100.0
2017-07-21,358404.0,35840400.0
2017-07-22,324241.0,32424100.0
2017-07-23,318582.0,31858200.0
2017-07-24,297830.0,29783000.0
2017-07-25,302301.0,30230100.0
2017-07-26,329416.0,32941600.0
2017-07-27,347384.0,34738400.0
2017-07-28,310874.0,31087400.0
2017-07-29,267861.0,26786100.0
2017-07-30,267554.0,26755400.0
2017-07-31,319443.0,31944300.0
2017-08-01,335140.0,33514000.0
2017-08-02,341931.0,34193100.0
2017-08-03,331892.0,33189200.0
2017-08-04,253852.0,25385200.0
2017-08-05,240709.0,24070900.0
2017-08-06,237162.0,23716200.0
2017-08-07,272929.0,27292900.0
2017-08-08,282396.0,28239600.0
2017-08-09,299624.0,29962400.0
2017-08-10,307864.0,30786400.0
2017-08-11,296156.0,29615600.0
2017-08-12,250762.0,25076200.0
2017-08-13,237870.0,23787000.0
2017-08-14,294919.0,29491900.0
2017-08-15,325858.0,32585800.0
2017-08-16,333650.0,33365000.0
2017-08-17,338840.0,33884000.0
2017-08-18,315326.0,31532600.0
2017-08-19,300813.0,30081300.0
2017-08-20,286615.0,28661500.0
2017-08-21,338639.0,33863900.0
2017-08-22,320458.0,32045800.0
2017-08-23,278677.0,27867700.0
2017-08-24,265795.0,26579500.0
2017-08-25,254487.0,25448700.0
2017-08-26,236609.0,23660900.0
2017-08-27,224935.0,22493500.0
2017-08-28,274686.0,27468600.0
2017-08-29,272298.0,27229800.0
2017-08-30,283027.0,28302700.0
2017-08-31,272005.0,27200500.0
2017-09-01,246005.0,24600500.0
2017-09-02,216143.0,21614300.0
2017-09-03,224443.0,22444300.0
2017-09-04,238487.0,23848700.0
2017-09-05,242652.0,24265200.0
2017-09-06,237278.0,23727800.0
2017-09-07,237997.0,23799700.0
2017-09-08,240578.0,24057800.0
2017-09-09,220491.0,22049100.0
2017-09-10,205897.0,20589700.0
2017-09-11,240770.0,24077000.0
2017-09-12,253193.0,25319300.0
2017-09-13,259130.0,25913000.0
2017-09-14,273499.0,27349900.0
2017-09-15,298745.0,29874500.0
2017-09-16,295359.0,29535900.0
2017-09-17,281625.0,28162500.0
2017-09-18,276457.0,27645700.0
2017-09-19,289807.0,28980700.0
2017-09-20,328587.0,32858700.0
2017-09-21,369682.0,36968200.0
2017-09-22,379235.0,37923500.0
2017-09-23,351859.0,35185900.0
2017-09-24,325066.0,32506600.0
2017-09-25,348228.0,34822800.0
2017-09-26,351031.0,35103100.0
2017-09-27,282830.0,28283000.0
2017-09-28,250357.0,25035700.0
2017-09-29,245728.0,24572800.0
2017-09-30,218672.0,21867200.0
2017-10-01,206102.0,20610200.0
2017-10-02,256079.0,25607900.0
2017-10-03,276904.0,27690400.0
2017-10-04,277020.0,27702000.0
2017-10-05,257639.0,25763900.0
2017-10-06,255931.0,25593100.0
2017-10-07,236889.0,23688900.0
2017-10-08,216671.0,21667100.0
2017-10-09,254050.0,25405000.0
2017-10-10,248778.0,24877800.0
2017-10-11,244461.0,24446100.0
2017-10-12,239708.0,23970800.0
2017-10-13,242642.0,24264200.0
2017-10-14,227506.0,22750600.0
2017-10-15,208249.0,20824900.0
2017-10-16,232744.0,23274400.0
2017-10-17,237530.0,23753000.0
2017-10-18,241619.0,24161900.0
2017-10-19,239592.0,23959200.0
2017-10-20,243344.0,24334400.0
2017-10-21,225285.0,22528500.0
2017-10-22,211446.0,21144600.0
2017-10-23,236226.0,23622600.0
2017-10-24,247690.0,24769000.0
2017-10-25,246268.0,24626800.0
2017-10-26,248118.0,24811800.0
2017-10-27,251469.0,25146900.0
2017-10-28,234432.0,23443200.0
2017-10-29,217875.0,21787500.0
2017-10-30,250825.0,25082500.0
2017-10-31,257326.0,25732600.0
2017-11-01,259445.0,25944500.0
2017-11-02,250625.0,25062500.0
2017-11-03,247553.0,24755300.0
2017-11-04,231110.0,23111000.0
2017-11-05,220242.0,22024200.0
2017-11-06,250330.0,25033000.0
2017-11-07,257397.0,25739700.0
2017-11-08,258997.0,25899700.0
2017-11-09,263422.0,26342200.0
2017-11-10,279779.0,27977900.0
2017-11-11,257022.0,25702200.0
2017-11-12,234332.0,23433200.0
2017-11-13,263286.0,26328600.0
2017-11-14,266216.0,26621600.0
2017-11-15,261995.0,26199500.0
2017-11-16,269196.0,26919600.0
2017-11-17,266123.0,26612300.0
2017-11-18,246293.0,24629300.0
2017-11-19,237575.0,23757500.0
2017-11-20,264331.0,26433100.0
2017-11-21,267200.0,26720000.0
2017-11-22,270166.0,27016600.0
2017-11-23,224515.0,22451500.0
2017-11-24,224563.0,22456300.0
2017-11-25,219453.0,21945300.0
2017-11-26,224141.0,22414100.0
2017-11-27,252676.0,25267600.0
2017-11-28,255227.0,25522700.0
2017-11-29,258384.0,25838400.0
2017-11-30,256675.0,25667500.0
2017-12-01,257559.0,25755900.0
2017-12-02,234766.0,23476600.0
2017-12-03,224608.0,22460800.0
2017-12-04,250347.0,25034700.0
2017-12-05,269388.0,26938800.0
2017-12-06,279741.0,27974100.0
2017-12-07,288510.0,28851000.0
2017-12-08,286897.0,28689700.0
2017-12-09,267319.0,26731900.0
2017-12-10,256795.0,25679500.0
2017-12-11,284832.0,28483200.0
2017-12-12,294414.0,29441400.0
2017-12-13,296087.0,29608700.0
2017-12-14,291907.0,29190700.0
2017-12-15,290421.0,29042100.0
2017-12-16,251837.0,25183700.0
2017-12-17,241156.0,24115600.0
2017-12-18,265173.0,26517300.0
2017-12-19,266736.0,26673600.0
2017-12-20,274966.0,27496600.0
2017-12-21,276715.0,27671500.0
2017-12-22,265558.0,26555800.0
2017-12-23,249999.0,24999900.0
2017-12-24,254421.0,25442100.0
2017-12-25,258133.0,25813300.0
2017-12-26,296769.0,29676900.0
2017-12-27,314411.0,31441100.0
2017-12-28,313798.0,31379800.0
2017-12-29,301112.0,30111200.0
2017-12-30,290948.0,29094800.0
2017-12-31,288367.0,28836700.0
2018-01-01,296814.0,29681400.0
2018-01-02,327030.0,32703000.0
2018-01-03,323208.0,32320800.0
2018-01-04,324061.0,32406100.0
2018-01-05,325767.0,32576700.0
2018-01-06,306678.0,30667800.0
2018-01-07,287307.0,28730700.0
2018-01-08,283958.0,28395800.0
2018-01-09,284901.0,28490100.0
2018-01-10,278625.0,27862500.0
2018-01-11,262210.0,26221000.0
2018-01-12,294730.0,29473000.0
2018-01-13,287780.0,28778000.0
2018-01-14,284706.0,28470600.0
2018-01-15,303538.0,30353800.0
2018-01-16,309982.0,30998200.0
2018-01-17,311441.0,31144100.0
2018-01-18,302670.0,30267000.0
2018-01-19,283563.0,28356300.0
2018-01-20,247684.0,24768400.0
2018-01-21,234555.0,23455500.0
2018-01-22,259646.0,25964600.0
2018-01-23,276115.0,27611500.0
2018-01-24,283555.0,28355500.0
2018-01-25,277487.0,27748700.0
2018-01-26,266517.0,26651700.0
2018-01-27,234844.0,23484400.0
2018-01-28,234496.0,23449600.0
2018-01-29,281172.0,28117200.0
2018-01-30,291860.0,29186000.0
2018-01-31,281043.0,28104300.0
2018-02-01,286990.0,28699000.0
2018-02-02,303010.0,30301000.0
2018-02-03,272185.0,27218500.0
2018-02-04,263620.0,26362000.0
2018-02-05,310172.0,31017200.0
2018-02-06,303401.0,30340100.0
2018-02-07,300656.0,30065600.0
2018-02-08,303367.0,30336700.0
2018-02-09,289555.0,28955500.0
2018-02-10,273362.0,27336200.0
2018-02-11,263885.0,26388500.0
2018-02-12,293322.0,29332200.0
2018-02-13,292170.0,29217000.0
2018-02-14,276299.0,27629900.0
2018-02-15,264982.0,26498200.0
2018-02-16,267749.0,26774900.0
2018-02-17,262573.0,26257300.0
2018-02-18,244958.0,24495800.0
2018-02-19,258948.0,25894800.0
2018-02-20,255747.0,25574700.0
2018-02-21,274752.0,27475200.0
2018-02-22,273246.0,27324600.0
2018-02-23,264310.0,26431000.0
2018-02-24,246300.0,24630000.0
2018-02-25,230029.0,23002900.0
2018-02-26,254628.0,25462800.0
2018-02-27,251467.0,25146700.0
2018-02-28,246582.0,24658200.0
2018-03-01,261138.0,26113800.0
2018-03-02,257388.0,25738800.0
2018-03-03,236107.0,23610700.0
2018-03-04,225962.0,22596200.0
2018-03-05,265393.0,26539300.0
2018-03-06,267139.0,26713900.0
2018-03-07,271975.0,27197500.0
2018-03-08,273488.0,27348800.0
2018-03-09,266751.0,26675100.0
2018-03-10,243832.0,24383200.0
2018-03-11,221028.0,22102800.0
2018-03-12,261233.0,26123300.0
2018-03-13,270902.0,27090200.0
2018-03-14,269515.0,26951500.0
2018-03-15,258050.0,25805000.0
2018-03-16,265416.0,26541600.0
2018-03-17,240948.0,24094800.0
2018-03-18,221859.0,22185900.0
2018-03-19,249962.0,24996200.0
2018-03-20,263856.0,26385600.0
2018-03-21,261677.0,26167700.0
2018-03-22,257759.0,25775900.0
2018-03-23,254812.0,25481200.0
2018-03-24,243581.0,24358100.0
2018-03-25,229981.0,22998100.0
2018-03-26,254856.0,25485600.0
2018-03-27,249493.0,24949300.0
2018-03-28,245814.0,24581400.0
2018-03-29,245839.0,24583900.0
2018-03-30,234517.0,23451700.0
2018-03-31,224173.0,22417300.0
2018-04-01,220445.0,22044500.0
2018-04-02,254231.0,25423100.0
2018-04-03,260138.0,26013800.0
2018-04-04,267499.0,26749900.0
2018-04-05,263994.0,26399400.0
2018-04-06,262957.0,26295700.0
2018-04-07,245044.0,24504400.0
2018-04-08,230291.0,23029100.0
2018-04-09,260645.0,26064500.0
2018-04-10,257527.0,25752700.0
2018-04-11,247745.0,24774500.0
2018-04-12,239666.0,23966600.0
2018-04-13,244644.0,24464400.0
2018-04-14,239880.0,23988000.0
2018-04-15,235878.0,23587800.0
2018-04-16,270487.0,27048700.0
2018-04-17,262282.0,26228200.0
2018-04-18,268549.0,26854900.0
2018-04-19,255055.0,25505500.0
2018-04-20,244490.0,24449000.0
2018-04-21,222447.0,22244700.0
2018-04-22,207265.0,20726500.0
2018-04-23,235232.0,23523200.0
2018-04-24,237111.0,23711100.0
2018-04-25,235952.0,23595200.0
2018-04-26,238536.0,23853600.0
2018-04-27,233542.0,23354200.0
2018-04-28,216523.0,21652300.0
2018-04-29,206478.0,20647800.0
2018-04-30,236603.0,23660300.0
2018-05-01,248833.0,24883300.0
2018-05-02,271831.0,27183100.0
2018-05-03,258342.0,25834200.0
2018-05-04,250971.0,25097100.0
2018-05-05,233289.0,23328900.0
2018-05-06,207732.0,20773200.0
2018-05-07,240538.0,24053800.0
2018-05-08,259708.0,25970800.0
2018-05-09,262053.0,26205300.0
2018-05-10,253094.0,25309400.0
2018-05-11,233506.0,23350600.0
2018-05-12,214115.0,21411500.0
2018-05-13,201509.0,20150900.0
2018-05-14,246276.0,24627600.0
2018-05-15,250295.0,25029500.0
2018-05-16,251897.0,25189700.0
2018-05-17,250693.0,25069300.0
2018-05-18,237968.0,23796800.0
2018-05-19,219632.0,21963200.0
2018-05-20,203534.0,20353400.0
2018-05-21,238812.0,23881200.0
2018-05-22,243239.0,24323900.0
2018-05-23,256383.0,25638300.0
2018-05-24,281259.0,28125900.0
2018-05-25,307050.0,30705000.0
2018-05-26,305573.0,30557300.0
2018-05-27,318538.0,31853800.0
2018-05-28,326960.0,32696000.0
2018-05-29,330962.0,33096200.0
2018-05-30,322606.0,32260600.0
2018-05-31,347368.0,34736800.0
2018-06-01,298878.0,29887800.0
2018-06-02,228768.0,22876800.0
2018-06-03,228085.0,22808500.0
2018-06-04,262561.0,26256100.0
2018-06-05,259594.0,25959400.0
2018-06-06,251353.0,25135300.0
2018-06-07,284966.0,28496600.0
2018-06-08,255229.0,25522900.0
2018-06-09,242510.0,24251000.0
2018-06-10,222371.0,22237100.0
2018-06-11,250137.0,25013700.0
2018-06-12,277101.0,27710100.0
2018-06-13,302793.0,30279300.0
2018-06-14,285569.0,28556900.0
2018-06-15,307938.0,30793800.0
2018-06-16,343520.0,34352000.0
2018-06-17,363762.0,36376200.0
2018-06-18,409061.0,40906100.0
2018-06-19,322630.0,32263000.0
2018-06-20,294801.0,29480100.0
2018-06-21,269363.0,26936300.0
2018-06-22,250627.0,25062700.0
2018-06-23,244231.0,24423100.0
2018-06-24,258991.0,25899100.0
2018-06-25,286687.0,28668700.0
2018-06-26,298239.0,29823900.0
2018-06-27,305336.0,30533600.0
2018-06-28,334848.0,33484800.0
2018-06-29,386129.0,38612900.0
2018-06-30,405917.0,40591700.0
2018-07-01,368017.0,36801700.0
2018-07-02,343798.0,34379800.0
2018-07-03,346317.0,34631700.0
2018-07-04,356727.0,35672700.0
2018-07-05,365089.0,36508900.0
2018-07-06,306555.0,30655500.0
2018-07-07,262215.0,26221500.0
2018-07-08,275550.0,27555000.0
2018-07-09,350692.0,35069200.0
2018-07-10,370202.0,37020200.0
2018-07-11,342555.0,34255500.0
2018-07-12,345972.0,34597200.0
2018-07-13,370830.0,37083000.0
2018-07-14,318725.0,31872500.0
2018-07-15,332380.0,33238000.0
2018-07-16,381357.0,38135700.0
2018-07-17,336116.0,33611600.0
2018-07-18,303951.0,30395100.0
2018-07-19,312780.0,31278000.0
2018-07-20,312033.0,31203300.0
2018-07-21,270780.0,27078000.0
2018-07-22,251605.0,25160500.0
2018-07-23,298827.0,29882700.0
2018-07-24,326779.0,32677900.0
2018-07-25,339676.0,33967600.0
2018-07-26,325997.0,32599700.0
2018-07-27,284822.0,28482200.0
2018-07-28,259413.0,25941300.0
2018-07-29,252378.0,25237800.0
2018-07-30,296519.0,29651900.0
2018-07-31,295933.0,29593300.0
2018-08-01,307690.0,30769000.0
2018-08-02,329641.0,32964100.0
2018-08-03,13335.0,1333500.0
